airport	runway	bbox
EBBR	01	{lat:50.8872750022309,lng:4.491923068575793},{lat:50.88738699675188,lng:4.491232930594611},{lat:50.899227110650735,lng:4.496062120408769},{lat:50.89911508765489,lng:4.496752422243497}
EBBR	19	{lat:50.91106702523573,lng:4.500893766690779},{lat:50.910954973746236,lng:4.501584232478111},{lat:50.89911508765489,lng:4.496752422243497},{lat:50.899227110650735,lng:4.496062120408769}
EBBR	07L	{lat:50.899965616874155,lng:4.460078060476279},{lat:50.90033438297231,lng:4.459809938461989},{lat:50.90603456658986,lng:4.479528586139082},{lat:50.90566575534042,lng:4.47979658478038}
EBBR	25R	{lat:50.911731428117925,lng:4.499252061893472},{lat:50.91136257172883,lng:4.4995199370450845},{lat:50.90566575534042,lng:4.47979658478038},{lat:50.90603456658986,lng:4.479528586139082}
EBBR	07R	{lat:50.88922354872097,lng:4.482166670806019},{lat:50.88960445117439,lng:4.481945328288991},{lat:50.894370287103534,lng:4.502565291827623},{lat:50.893989345673404,lng:4.502786488347881}
EBBR	25L	{lat:50.89913249014168,lng:4.523189474340495},{lat:50.89875150975396,lng:4.523410524755215},{lat:50.893989345673404,lng:4.502786488347881},{lat:50.894370287103534,lng:4.502565291827623}
EDDF	07C	{lat:50.032363982106766,lng:8.534777723739353},{lat:50.032870017708255,lng:8.5344842747145},{lat:50.03912849401194,lng:8.56065598307228},{lat:50.038622392449064,lng:8.560949194492322}
EDDF	25C	{lat:50.045381083650554,lng:8.58683451243377},{lat:50.04487491616511,lng:8.587127486021501},{lat:50.038622392449064,lng:8.560949194492322},{lat:50.03912849401194,lng:8.56065598307228}
EDDF	07L	{lat:50.036865942972334,lng:8.497188354058707},{lat:50.03724605692303,lng:8.496967645067643},{lat:50.04163201601944,lng:8.515285534354646},{lat:50.04125186734196,lng:8.51550611846685}
EDDF	25R	{lat:50.04601509164281,lng:8.533606769988692},{lat:50.04563490825281,lng:8.533827229138215},{lat:50.04125186734196,lng:8.51550611846685},{lat:50.04163201601944,lng:8.515285534354645}
EDDF	07R	{lat:50.027351910412214,lng:8.534285196199411},{lat:50.027732089483436,lng:8.534064802928327},{lat:50.033990558347305,lng:8.560239481961759},{lat:50.03361032972891,lng:8.560459696721932}
EDDF	25L	{lat:50.04024313901619,lng:8.586420981525086},{lat:50.03986286087981,lng:8.58664101760346},{lat:50.03361032972891,lng:8.560459696721932},{lat:50.033990558347305,lng:8.560239481961759}
EDDM	08L	{lat:48.36249879608517,lng:11.76759681482787},{lat:48.36303520389582,lng:11.767503184679121},{lat:48.36509782963363,lng:11.794313239836043},{lat:48.36456140010041,lng:11.794406591420234}
EDDM	08R	{lat:48.34040080395525,lng:11.751063896510278},{lat:48.340937196025706,lng:11.750970102996256},{lat:48.34300431915688,lng:11.777767656948408},{lat:48.34246790533402,lng:11.777861172268823}
EDDM	26L	{lat:48.34506521774669,lng:11.804567381229836},{lat:48.344528782234484,lng:11.804660618279513},{lat:48.34246790533402,lng:11.777861172268823},{lat:48.34300431915688,lng:11.777767656948408}
EDDM	26R	{lat:48.367154225586916,lng:11.821125463283643},{lat:48.36661777439429,lng:11.821218536226171},{lat:48.36456140010041,lng:11.794406591420232},{lat:48.36509782963363,lng:11.79431323983604}
EGLL	09L	{lat:51.47727523091864,lng:-0.48498991158098703},{lat:51.47772476908134,lng:-0.484994088439596},{lat:51.477815111970465,lng:-0.4591395106338371},{lat:51.47736557291738,lng:-0.4591355885823032}
EGLL	09R	{lat:51.464567230665985,lng:-0.48231198345745435},{lat:51.465016769333985,lng:-0.48231601656241113},{lat:51.46509824117636,lng:-0.458208939557728},{lat:51.464648701705755,lng:-0.4582051439301146}
EGLL	27L	{lat:51.465174770112235,lng:-0.4341017790825339},{lat:51.46472522988774,lng:-0.43409822093499234},{lat:51.46464870170575,lng:-0.458205143930115},{lat:51.46509824117634,lng:-0.45820893955772757}
EGLL	27R	{lat:51.47789976994371,lng:-0.4332848336296443},{lat:51.477450230056256,lng:-0.4332811663884275},{lat:51.47736557291738,lng:-0.45913558858230286},{lat:51.477815111970465,lng:-0.4591395106338374}
EKCH	04L	{lat:55.5920665852648,lng:12.603806394037164},{lat:55.592333414140256,lng:12.603265604124298},{lat:55.60247344851325,lng:12.618939535335764},{lat:55.602206550669344,lng:12.619480358406962}
EKCH	22R	{lat:55.612611483123935,lng:12.634621571009257},{lat:55.61234451628116,lng:12.635162427149634},{lat:55.602206550669344,lng:12.619480358406962},{lat:55.60247344851325,lng:12.618939535335764}
EKCH	04R	{lat:55.60296653641424,lng:12.633317393637315},{lat:55.60323346299094,lng:12.632776604522727},{lat:55.61439021360934,lng:12.650038673815214},{lat:55.61412321108767,lng:12.650579499271485}
EKCH	22L	{lat:55.62554453895432,lng:12.66731056823379},{lat:55.625277460450874,lng:12.667851429923417},{lat:55.61412321108767,lng:12.650579499271485},{lat:55.61439021360934,lng:12.650038673815216}
EKCH	12	{lat:55.623980310050946,lng:12.638920169158816},{lat:55.624319689633936,lng:12.639313832545465},{lat:55.61917195483007,lng:12.65323069436591},{lat:55.61883261981173,lng:12.652836962199551}
EKCH	30	{lat:55.61402264506958,lng:12.667143901282145},{lat:55.61368335461504,lng:12.666750100421629},{lat:55.61883261981173,lng:12.652836962199551},{lat:55.61917195483007,lng:12.65323069436591}
ENGM	01L	{lat:60.18494413015908,lng:11.07413619076079},{lat:60.185055868682824,lng:11.073351807904505},{lat:60.20058969725976,lng:11.082307395873102},{lat:60.20047790584248,lng:11.083092119529558}
ENGM	19R	{lat:60.216122921603834,lng:11.091271466943306},{lat:60.21601107723678,lng:11.092056531717882},{lat:60.20047790584248,lng:11.083092119529558},{lat:60.20058969725976,lng:11.082307395873102}
ENGM	01R	{lat:60.17570002961624,lng:11.108175022400061},{lat:60.175811969226416,lng:11.10739097626391},{lat:60.18853819436221,lng:11.114739487052855},{lat:60.18842621136112,lng:11.115523812046467}
ENGM	19L	{lat:60.20126401263571,lng:11.12209369729832},{lat:60.20115198620593,lng:11.122878301362286},{lat:60.18842621136112,lng:11.115523812046467},{lat:60.18853819436221,lng:11.114739487052855}
ESSA	01L	{lat:59.637216540986365,lng:17.913616759509406},{lat:59.637289457827414,lng:17.91282723963302},{lat:59.65186307944066,lng:17.918097283297026},{lat:59.65179013092386,lng:17.918887134690838}
ESSA	19R	{lat:59.666436489518404,lng:17.923371907955534},{lat:59.66636350929406,lng:17.924162091184424},{lat:59.65179013092386,lng:17.918887134690838},{lat:59.65186307944066,lng:17.918097283297026}
ESSA	01R	{lat:59.62636044844375,lng:17.951136598395358},{lat:59.62643355037074,lng:17.95034740074562},{lat:59.63746962331501,lng:17.95434695985457},{lat:59.637396497353656,lng:17.95513640826378}
ESSA	19L	{lat:59.64850557441373,lng:17.958349149894303},{lat:59.648432424399765,lng:17.959138849244795},{lat:59.637396497353656,lng:17.95513640826378},{lat:59.63746962331501,lng:17.95434695985457}
ESSA	08	{lat:59.658222325152465,lng:17.936231276262433},{lat:59.65861567477409,lng:17.936034722584893},{lat:59.66135645126263,lng:17.957544583642125},{lat:59.66096306949181,lng:17.957740901064028}
ESSA	26	{lat:59.66409370690587,lng:17.979057958905525},{lat:59.66370029302099,lng:17.979254039944127},{lat:59.66096306949181,lng:17.957740901064028},{lat:59.66135645126263,lng:17.957544583642125}
LFPG	08L	{lat:48.995483831184345,lng:2.5527691997061868},{lat:48.99588816881018,lng:2.5527188000892673},{lat:48.99720729614049,lng:2.577351748347356},{lat:48.996802947807026,lng:2.577401949345606}
LFPG	08R	{lat:48.99264489374,lng:2.565694481757668},{lat:48.99318310625031,lng:2.5656275178806145},{lat:48.99416657248987,lng:2.584014754089652},{lat:48.99362834935459,lng:2.584081520638068}
LFPG	09L	{lat:49.024449903649604,lng:2.524925687752881},{lat:49.02498809634056,lng:2.5248583118827805},{lat:49.02597706437377,lng:2.5432580455715903},{lat:49.02543886098679,lng:2.5433252237793966}
LFPG	09R	{lat:49.020414839063356,lng:2.5130833588059813},{lat:49.02081916093112,lng:2.5130326409880093},{lat:49.02213976586049,lng:2.5375615903414097},{lat:49.02173543326409,lng:2.537612110228706}
LFPG	26L	{lat:48.995147116859854,lng:2.6024027152234908},{lat:48.99460888313057,lng:2.6024692844168835},{lat:48.993628349354566,lng:2.584081520638067},{lat:48.99416657248987,lng:2.584014754089651}
LFPG	26R	{lat:48.99852117949695,lng:2.6019859987265317},{lat:48.99811682049764,lng:2.6020360010705055},{lat:48.996802947807026,lng:2.5774019493456057},{lat:48.99720729614049,lng:2.577351748347356}
LFPG	27L	{lat:49.023455171639036,lng:2.5620918389372496},{lat:49.023050828355466,lng:2.5621421608583197},{lat:49.02173543326409,lng:2.537612110228705},{lat:49.02213976586049,lng:2.537561590341409}
LFPG	27R	{lat:49.026963107021125,lng:2.5616585095594244},{lat:49.02642489296917,lng:2.561725490078335},{lat:49.02543886098679,lng:2.5433252237793966},{lat:49.02597706437377,lng:2.5432580455715903}
LIMC	17L	{lat:45.64198477812256,lng:8.729856821814245},{lat:45.64208722062306,lng:8.73061517887908},{lat:45.628944266108725,lng:8.734246444558654},{lat:45.62884184763156,lng:8.733488258696044}
LIMC	17R	{lat:45.64540174884524,lng:8.718345806780476},{lat:45.64550424990029,lng:8.719104193913351},{lat:45.62998081600678,lng:8.723395781100011},{lat:45.62987834334405,lng:8.722637596188518}
LIMC	35L	{lat:45.61445722152009,lng:8.727684991769646},{lat:45.61435477722674,lng:8.72692700892268},{lat:45.62987834334405,lng:8.722637596188518},{lat:45.62998081600678,lng:8.723395781100011}
LIMC	35R	{lat:45.6158011966085,lng:8.737876007732437},{lat:45.61569880213825,lng:8.737117992959611},{lat:45.62884184763156,lng:8.733488258696044},{lat:45.628944266108725,lng:8.734246444558654}
LIRF	07	{lat:41.80042678493938,lng:12.236913510145895},{lat:41.80080721498316,lng:12.236724489293024},{lat:41.8053138844133,lng:12.253051382912846},{lat:41.80493342761156,lng:12.253240320117678}
LIRF	25	{lat:41.80981824173738,lng:12.26938057296438},{lat:41.809437758185275,lng:12.269569426474776},{lat:41.80493342761156,lng:12.253240320117678},{lat:41.8053138844133,lng:12.253051382912846}
LIRF	16L	{lat:41.845888594740025,lng:12.261147997689378},{lat:41.84604940422159,lng:12.261840003180298},{lat:41.82928709660151,lng:12.26885725837509},{lat:41.82912632923394,lng:12.268165416483527}
LIRF	34R	{lat:41.812524362125515,lng:12.275870839640321},{lat:41.8123636368372,lng:12.275179161227465},{lat:41.82912632923394,lng:12.268165416483527},{lat:41.82928709660151,lng:12.26885725837509}
LIRF	16R	{lat:41.815436513753085,lng:12.226018196166205},{lat:41.815597485209814,lng:12.226709804702912},{lat:41.79883617781042,lng:12.233731059029383},{lat:41.79867524846252,lng:12.233039613774748}
LIRF	34L	{lat:41.782074443118894,lng:12.240748641480074},{lat:41.781913555845115,lng:12.240057359387166},{lat:41.79867524846252,lng:12.233039613774748},{lat:41.79883617781042,lng:12.233731059029383}
LOWW	11	{lat:48.122631665677524,lng:16.533224852686423},{lat:48.1229963341687,lng:16.533491148258822},{lat:48.11611474754905,lng:16.55463053715921},{lat:48.11575012790243,lng:16.554364127220506}
LOWW	29	{lat:48.10922928531942,lng:16.575764262563514},{lat:48.1088647145265,lng:16.575497738381838},{lat:48.11575012790243,lng:16.554364127220506},{lat:48.11611474754905,lng:16.55463053715921}
LOWW	16	{lat:48.11972786372386,lng:16.577874588986912},{lat:48.11983813553439,lng:16.57845941164075},{lat:48.10426230697579,lng:16.585047325839003},{lat:48.10415206858452,lng:16.584462666290058}
LOWW	34	{lat:48.08868610212928,lng:16.591631248595878},{lat:48.08857589712969,lng:16.591046752030365},{lat:48.10415206858452,lng:16.584462666290058},{lat:48.10426230697579,lng:16.585047325839003}
LROP	08L	{lat:44.57642029625233,lng:26.084130149031182},{lat:44.576823703739734,lng:26.084069850759658},{lat:44.578477288968436,lng:26.105901305542606},{lat:44.57807387000882,lng:26.105961454065103}
LROP	26R	{lat:44.58012671519804,lng:26.12773400052424},{lat:44.57972328479411,lng:26.127793999267606},{lat:44.57807387000882,lng:26.105961454065103},{lat:44.578477288968436,lng:26.105901305542606}
LROP	08R	{lat:44.56445929832499,lng:26.07677717014265},{lat:44.56486270166706,lng:26.07671682964813},{lat:44.56651878850857,lng:26.098556783505472},{lat:44.56611537368185,lng:26.09861697425988}
LROP	26L	{lat:44.5681707131378,lng:26.120397979403815},{lat:44.56776728685433,lng:26.120458020387968},{lat:44.56611537368185,lng:26.09861697425988},{lat:44.56651878850857,lng:26.098556783505472}
LSZH	10	{lat:47.45867046641793,lng:8.537439414872097},{lat:47.45920753356703,lng:8.537522585552688},{lat:47.458039209138256,lng:8.554009035516668},{lat:47.457502153922874,lng:8.553925698286855}
LSZH	28	{lat:47.45686852162155,lng:8.570494752089981},{lat:47.456331478363296,lng:8.570411248336452},{lat:47.457502153922874,lng:8.553925698286855},{lat:47.458039209138256,lng:8.55400903551667}
LSZH	14	{lat:47.48190889041045,lng:8.535781397392407},{lat:47.48227510884011,lng:8.536368604654294},{lat:47.471875948288194,lng:8.550564404688801},{lat:47.471509802330026,lng:8.54997721470941}
LSZH	32	{lat:47.4614750363829,lng:8.564754587336319},{lat:47.4611089628677,lng:8.564167414707958},{lat:47.471509802330026,lng:8.54997721470941},{lat:47.471875948288194,lng:8.550564404688801}
LSZH	16	{lat:47.47560001629248,lng:8.535573873973187},{lat:47.47582798256741,lng:8.53629812759785},{lat:47.46260881413326,lng:8.54540334531307},{lat:47.46238090518729,lng:8.544679234340693}
LSZH	34	{lat:47.449388925257786,lng:8.55450398497525},{lat:47.44916107360293,lng:8.55378001659293},{lat:47.46238090518729,lng:8.544679234340693},{lat:47.46260881413326,lng:8.54540334531307}
NZAA	05R	{lat:-37.01650870091138,lng:174.77086604087253},{lat:-37.01612529903076,lng:174.77069995954648},{lat:-37.01129609285474,lng:174.78818053167953},{lat:-37.01167947037249,lng:174.78834669063704}
NZAA	23L	{lat:-37.00646432339713,lng:174.8056588819356},{lat:-37.006847676544915,lng:174.80582511848357},{lat:-37.01167947037249,lng:174.78834669063704},{lat:-37.01129609285474,lng:174.78818053167953}
OEJN	16C	{lat:21.694976036422098,lng:39.151271182060036},{lat:21.695161963131703,lng:39.15181681829217},{lat:21.6782165861282,lng:39.15850407661493},{lat:21.67803068128491,lng:39.15795849592474}
OEJN	34C	{lat:21.66127094127629,lng:39.165189762775},{lat:21.661085058278246,lng:39.16464423757646},{lat:21.67803068128491,lng:39.15795849592474},{lat:21.6782165861282,lng:39.15850407661493}
OEJN	16L	{lat:21.700349099282878,lng:39.16685514707806},{lat:21.70053490027072,lng:39.16740085327406},{lat:21.683586023155755,lng:39.17408461153867},{lat:21.683400244029915,lng:39.173538960931616}
OEJN	34R	{lat:21.666636878419617,lng:39.180766797709914},{lat:21.666451121134724,lng:39.180221202641455},{lat:21.683400244029915,lng:39.173538960931616},{lat:21.683586023155755,lng:39.17408461153867}
OEJN	16R	{lat:21.70266300287413,lng:39.126608180739154},{lat:21.702848996679553,lng:39.127153819613326},{lat:21.686750107320744,lng:39.133510003385055},{lat:21.686564134305453,lng:39.132964417293664}
OEJN	34L	{lat:21.670650975899278,lng:39.13986476685288},{lat:21.670465023655098,lng:39.139319233498874},{lat:21.686564134305453,lng:39.132964417293664},{lat:21.686750107320744,lng:39.133510003385055}
OEMA	17	{lat:24.57635478468639,lng:39.70302249196424},{lat:24.576457214752654,lng:39.703605508274094},{lat:24.557250261790568,lng:39.707685090074904},{lat:24.557147847419778,lng:39.70710215976778}
OEMA	35	{lat:24.538043199065783,lng:39.71176342231478},{lat:24.53794080037424,lng:39.71118057792301},{lat:24.557147847419778,lng:39.70710215976778},{lat:24.557250261790568,lng:39.707685090074904}
OEMA	18	{lat:24.56351936948767,lng:39.7037194574089},{lat:24.56349263018552,lng:39.70416454254362},{lat:24.549755134931775,lng:39.703166909026194},{lat:24.5497818713047,lng:39.70272187243667}
OEMA	36	{lat:24.53601763311386,lng:39.70216949401648},{lat:24.53604436655975,lng:39.701724505936134},{lat:24.5497818713047,lng:39.70272187243667},{lat:24.549755134931775,lng:39.703166909026194}
OIIE	11L	{lat:35.425147050656676,lng:51.12211651820433},{lat:35.425530949289936,lng:51.122277482179264},{lat:35.41943690755221,lng:51.144157183620244},{lat:35.419053037959415,lng:51.14399612756033}
OIIE	29R	{lat:35.413338920244385,lng:51.16603357423472},{lat:35.4129550797021,lng:51.16587242614908},{lat:35.419053037959415,lng:51.14399612756033},{lat:35.41943690755221,lng:51.144157183620244}
OIIE	11R	{lat:35.42349405019144,lng:51.12143052152689},{lat:35.423877949755166,lng:51.12159147885665},{lat:35.41858242697219,lng:51.14060526885438},{lat:35.418198552642686,lng:51.14044423150302}
OIIE	29L	{lat:35.4132839245171,lng:51.15961655885598},{lat:35.412900075429405,lng:51.15945544152775},{lat:35.418198552642686,lng:51.14044423150302},{lat:35.41858242697219,lng:51.14060526885438}
OMDB	12L	{lat:25.264397811445637,lng:55.35026595685081},{lat:25.264858188390335,lng:55.35057804374092},{lat:25.256398955958506,lng:55.365833624385964},{lat:25.255938611084783,lng:55.36552150140101}
OMDB	30R	{lat:25.24793815632364,lng:55.38108707981936},{lat:25.24747784351233,lng:55.38077492077198},{lat:25.255938611084783,lng:55.36552150140101},{lat:25.256398955958506,lng:55.365833624385964}
OMDB	12R	{lat:25.252605800384824,lng:55.364218991952875},{lat:25.25306619945127,lng:55.36453100863845},{lat:25.24460846661022,lng:55.37978508841748},{lat:25.24414809959352,lng:55.37947303565045}
OMDB	30L	{lat:25.23614916740581,lng:55.3950370447035},{lat:25.23568883243028,lng:55.394724955887426},{lat:25.24414809959352,lng:55.37947303565045},{lat:25.24460846661022,lng:55.37978508841748}
OOMS	08L	{lat:23.60563903282748,lng:58.25799476725756},{lat:23.606176967168267,lng:58.25794323263675},{lat:23.607683595396097,lng:58.27668755553967},{lat:23.607145654873385,lng:58.276739013841535}
OOMS	26R	{lat:23.609187973345843,lng:58.29543230896076},{lat:23.608650026649936,lng:58.29548369093382},{lat:23.607145654873385,lng:58.276739013841535},{lat:23.607683595396097,lng:58.27668755553967}
OPIS	10L	{lat:33.55285063877391,lng:72.80642709109974},{lat:33.553249361209865,lng:72.80651690910753},{lat:33.55021486462224,lng:72.82590263342527},{lat:33.54981615619045,lng:72.82581272910875}
OPIS	28R	{lat:33.54717734719975,lng:72.84528699540364},{lat:33.54677865278396,lng:72.84519700480396},{lat:33.54981615619045,lng:72.82581272910875},{lat:33.55021486462224,lng:72.82590263342527}
OPIS	10R	{lat:33.550923634546244,lng:72.80599822071058},{lat:33.55145436542502,lng:72.80611777965662},{lat:33.54841986624461,lng:72.82550201815243},{lat:33.54788915400517,lng:72.82538234434018}
OPIS	28L	{lat:33.54538234677776,lng:72.84488489450614},{lat:33.544851653193405,lng:72.84476510586167},{lat:33.54788915400517,lng:72.82538234434018},{lat:33.54841986624461,lng:72.82550201815243}
OPKC	07L	{lat:24.90449466531865,lng:67.14756734883974},{lat:24.90489333465626,lng:67.14744465096209},{lat:24.908754116401308,lng:67.16269669651929},{lat:24.908355434590042,lng:67.16281934895791}
OPKC	25R	{lat:24.91261334712872,lng:67.17794969640894},{lat:24.91221465284622,lng:67.17807230339294},{lat:24.908355434590042,lng:67.16281934895791},{lat:24.908754116401308,lng:67.16269669651929}
OPKC	07R	{lat:24.900401684922745,lng:67.1427163617556},{lat:24.900792315052968,lng:67.14259563805336},{lat:24.904910196322316,lng:67.15879512122416},{lat:24.90451955315842,lng:67.15891579767992}
OPKC	25L	{lat:24.909026328085332,lng:67.17499568530853},{lat:24.908635671890412,lng:67.17511631450051},{lat:24.90451955315842,lng:67.15891579767992},{lat:24.904910196322316,lng:67.15879512122416}
OPLA	18L	{lat:31.536653162549264,lng:74.40460120999263},{lat:31.536646836992112,lng:74.4050867899909},{lat:31.521557837787782,lng:74.4048162070855},{lat:31.521564162323017,lng:74.40433070551622}
OPLA	36R	{lat:31.50646883801391,lng:74.40454571159144},{lat:31.506475161527995,lng:74.40406028839213},{lat:31.521564162323017,lng:74.40433070551622},{lat:31.521557837787782,lng:74.4048162070855}
OPLA	18R	{lat:31.533920153836142,lng:74.40258821694323},{lat:31.53391384570525,lng:74.4030737830404},{lat:31.521552346312742,lng:74.40285272167316},{lat:31.521558653608775,lng:74.40236721982383}
OPLA	36L	{lat:31.509190846540083,lng:74.40263171881236},{lat:31.509197153001768,lng:74.40214628117127},{lat:31.521558653608775,lng:74.40236721982383},{lat:31.521552346312742,lng:74.40285272167316}
RCTP	05L	{lat:25.07269019149638,lng:121.21618151957182},{lat:25.073097808247507,lng:121.21579047977743},{lat:25.083899957692147,lng:121.229517273956},{lat:25.083492304976172,lng:121.22990830254835}
RCTP	05R	{lat:25.061227205240463,lng:121.22444251873605},{lat:25.06163479450352,lng:121.22405148061357},{lat:25.071521339426884,lng:121.23661147180783},{lat:25.07111371726759,lng:121.23700249969717}
RCTP	23L	{lat:25.081406827406667,lng:121.24917349085582},{lat:25.0809991723372,lng:121.24956450849311},{lat:25.07111371726759,lng:121.23700249969714},{lat:25.071521339426884,lng:121.2366114718078}
RCTP	23R	{lat:25.09470084422061,lng:121.24324649099046},{lat:25.094293155523165,lng:121.24363750835809},{lat:25.083492304976172,lng:121.22990830254837},{lat:25.083899957692147,lng:121.22951727395602}
RJAA	16L	{lat:35.805063416878816,lng:140.37782081854579},{lat:35.80533658243822,lng:140.37839518244186},{lat:35.79562826965437,lng:140.3854140169262},{lat:35.79535513747561,lng:140.38483969908512}
RJAA	34R	{lat:35.78591954906504,lng:140.39243113639148},{lat:35.78564645025235,lng:140.39185686459507},{lat:35.795355137475624,lng:140.38483969908512},{lat:35.79562826965437,lng:140.3854140169262}
RJAA	16R	{lat:35.774252407400226,lng:140.36800493671404},{lat:35.77452559191761,lng:140.36857906427215},{lat:35.75899258653126,lng:140.37980471871663},{lat:35.75871945535741,lng:140.37923066471825}
RJAA	34L	{lat:35.743458538593025,lng:140.3910259907247},{lat:35.74318546072539,lng:140.39045201025974},{lat:35.75871945535741,lng:140.37923066471825},{lat:35.75899258653126,lng:140.37980471871663}
RJBB	06L	{lat:34.42836261750172,lng:135.20640967140855},{lat:34.42878138215063,lng:135.20599632755602},{lat:34.44013257439644,lng:135.22290354484082},{lat:34.43971375286441,lng:135.22331686010878}
RJBB	06R	{lat:34.417168577228246,lng:135.22948458376115},{lat:34.41758742242445,lng:135.2290714152041},{lat:34.427515838022494,lng:135.24386417073177},{lat:34.42709694308602,lng:135.24427731424035}
RJBB	24L	{lat:34.43744247217244,lng:135.2586604402759},{lat:34.43702352748024,lng:135.25907355868853},{lat:34.42709694308604,lng:135.24427731424035},{lat:34.427515838022494,lng:135.24386417073177}
RJBB	24R	{lat:34.45148143904385,lng:135.2398153561712},{lat:34.45106256060848,lng:135.24022864279246},{lat:34.43971375286441,lng:135.22331686010878},{lat:34.44013257439644,lng:135.22290354484082}
RJCC	01L	{lat:42.761673609046696,lng:141.69318972340065},{lat:42.76160438979602,lng:141.6924602770068},{lat:42.775001406527934,lng:141.6901012098695},{lat:42.77507064075108,lng:141.69083081140977}
RJCC	19R	{lat:42.788398374817895,lng:141.68774112180876},{lat:42.788467624023724,lng:141.68847087859947},{lat:42.77507064075108,lng:141.69083081140977},{lat:42.77500140652794,lng:141.6901012098695}
RJCC	01R	{lat:42.762020589301635,lng:141.6968227289183},{lat:42.76195140954101,lng:141.69609327148896},{lat:42.77534192622948,lng:141.69373670360358},{lat:42.77541112094697,lng:141.69446631611126}
RJCC	19L	{lat:42.78873239457852,lng:141.69137911635895},{lat:42.78880160426306,lng:141.692108884049},{lat:42.77541112094697,lng:141.69446631611126},{lat:42.77534192622948,lng:141.69373670360358}
RJFF	16	{lat:33.596785412554205,lng:130.4429043047926},{lat:33.597052586807436,lng:130.44346769608006},{lat:33.58607679602448,lng:130.45096862592504},{lat:33.5858096557625,lng:130.45040528308658}
RJFF	34	{lat:33.57510055282492,lng:130.45846764763778},{lat:33.574833446537156,lng:130.45790435323377},{lat:33.5858096557625,lng:130.45040528308658},{lat:33.58607679602448,lng:130.45096862592504}
RJGG	18	{lat:34.87383974441038,lng:136.8013521179649},{lat:34.87394425473609,lng:136.80199788244556},{lat:34.85846930152589,lng:136.8057180237892},{lat:34.85836481086503,lng:136.80507237608967}
RJGG	36	{lat:34.84299423507916,lng:136.80943676570686},{lat:34.84288976406827,lng:136.80879123470282},{lat:34.85836481086503,lng:136.80507237608967},{lat:34.85846930152589,lng:136.8057180237892}
RJNK	06	{lat:36.386766872039274,lng:136.39531158097816},{lat:36.38709912778647,lng:136.39502241840398},{lat:36.39405977779598,lng:136.4073658265227},{lat:36.39372749229866,lng:136.4076549622297}
RJNK	24	{lat:36.40101915753903,lng:136.41971144528503},{lat:36.400686842286774,lng:136.42000055409682},{lat:36.39372749229866,lng:136.4076549622297},{lat:36.39405977779598,lng:136.4073658265227}
RJSS	09	{lat:38.13857088307832,lng:140.89875558071236},{lat:38.138973116912105,lng:140.89868841910246},{lat:38.140724342012575,lng:140.9156550581272},{lat:38.14032209852512,lng:140.9157221278189}
RJSS	27	{lat:38.14247312655949,lng:140.93262251102945},{lat:38.14207087343099,lng:140.93268948878594},{lat:38.14032209852512,lng:140.9157221278189},{lat:38.140724342012575,lng:140.9156550581272}
RJSS	12	{lat:38.139278553541054,lng:140.9146267527891},{lat:38.139637446336366,lng:140.91486724780233},{lat:38.137125095819044,lng:140.92092746720786},{lat:38.13676621537984,lng:140.92068695066996}
RJSS	30	{lat:38.134612433980244,lng:140.92698726932358},{lat:38.13425356589713,lng:140.9267467312678},{lat:38.13676621537984,lng:140.92068695066996},{lat:38.137125095819044,lng:140.92092746720786}
RJTT	04	{lat:35.548864428475504,lng:139.76155009112915},{lat:35.54917357091328,lng:139.7610059078218},{lat:35.55839784753376,lng:139.76892298057894},{lat:35.558088669523016,lng:139.76946719597169}
RJTT	22	{lat:35.567621606493205,lng:139.77684187573558},{lat:35.56731239289528,lng:139.7773861232143},{lat:35.558088669523016,lng:139.76946719597169},{lat:35.55839784753376,lng:139.76892298057894}
RJTT	05	{lat:35.523820793985635,lng:139.803708820831},{lat:35.52418520551966,lng:139.80321917805733},{lat:35.53248258324482,lng:139.8125432095681},{lat:35.532118134027314,lng:139.81303286062686}
RJTT	23	{lat:35.54077924320917,lng:139.82186916977886},{lat:35.540414756295995,lng:139.82235882910857},{lat:35.532118134027314,lng:139.81303286062686},{lat:35.53248258324482,lng:139.8125432095681}
RJTT	16L	{lat:35.56271794709955,lng:139.78841859471692},{lat:35.56298805221837,lng:139.7889934062518},{lat:35.55281475039472,lng:139.79621629841307},{lat:35.55254467955566,lng:139.79564153549236}
RJTT	34R	{lat:35.5426410179467,lng:139.80343735764308},{lat:35.542370981371626,lng:139.80286264332446},{lat:35.55254467955566,lng:139.79564153549236},{lat:35.55281475039472,lng:139.79621629841307}
RJTT	16R	{lat:35.55610689282347,lng:139.7714316569705},{lat:35.55637710649479,lng:139.77200634399813},{lat:35.546556290771,lng:139.77898217481487},{lat:35.54628611019721,lng:139.77840753467046}
RJTT	34L	{lat:35.53673507340479,lng:139.78595629712},{lat:35.53646492591386,lng:139.7853817038476},{lat:35.54628611019721,lng:139.77840753467046},{lat:35.546556290771,lng:139.77898217481487}
RKPK	18L	{lat:35.19403431212631,lng:128.93717314641546},{lat:35.19407768735226,lng:128.937676853719},{lat:35.181785694389575,lng:128.93926155568045},{lat:35.18174232572452,lng:128.93875792372137}
RKPK	36R	{lat:35.169493680793586,lng:128.940845778397},{lat:35.16945031868546,lng:128.94034222173724},{lat:35.18174232572452,lng:128.93875792372137},{lat:35.181785694389575,lng:128.93926155568045}
RKPK	18R	{lat:35.18846565468128,lng:128.93549345183573},{lat:35.18852234443144,lng:128.9361505483935},{lat:35.17687134967007,lng:128.93765521745277},{lat:35.17681466804605,lng:128.9369982140364}
RKPK	36L	{lat:35.16522033630801,lng:128.9391594552784},{lat:35.16516366280546,lng:128.93850254495052},{lat:35.17681466804605,lng:128.9369982140364},{lat:35.17687134967007,lng:128.93765521745277}
RKSI	15L	{lat:37.483788258225125,lng:126.43987805421953},{lat:37.484099741123764,lng:126.44043394693928},{lat:37.470318845516545,lng:126.45269418121987},{lat:37.47000742005182,lng:126.4521383399086}
RKSI	33R	{lat:37.45653668370702,lng:126.46494989552858},{lat:37.45622531564229,lng:126.46439410562834},{lat:37.47000742005182,lng:126.4521383399086},{lat:37.470318845516545,lng:126.45269418121987}
RKSI	15R	{lat:37.48163325476049,lng:126.43606106531912},{lat:37.481944744588475,lng:126.43661693583955},{lat:37.468163349020635,lng:126.44887767012204},{lat:37.46785191662545,lng:126.44832185100248}
RKSI	33L	{lat:37.45438068717284,lng:126.46113388443649},{lat:37.454069312176536,lng:126.46057811672037},{lat:37.46785191662545,lng:126.44832185100248},{lat:37.468163349020635,lng:126.44887767012204}
RKSI	16	{lat:37.47265219421924,lng:126.41529415260186},{lat:37.47296380513019,lng:126.4158498485565},{lat:37.45826749507121,lng:126.42893039141886},{lat:37.45795594540842,lng:126.4283747501789}
RKSI	34	{lat:37.44356974390153,lng:126.44200579383936},{lat:37.44325825544834,lng:126.44145020731712},{lat:37.45795594540842,lng:126.4283747501789},{lat:37.45826749507121,lng:126.42893039141886}
RPLL	06	{lat:14.49833284003207,lng:121.00156984608994},{lat:14.498801159886376,lng:121.00129215361656},{lat:14.506434567236942,lng:121.01502768989052},{lat:14.505966231243583,lng:121.01530536289252}
RPLL	24	{lat:14.51406717602927,lng:121.02876417309545},{lat:14.513598823889122,lng:121.02904182661074},{lat:14.505966231243583,lng:121.01530536289252},{lat:14.506434567236942,lng:121.01502768989052}
RPLL	13	{lat:14.522542537589885,lng:121.00489086487849},{lat:14.522829462317144,lng:121.00518713531363},{lat:14.51674354212469,lng:121.01147630828558},{lat:14.516456625290347,lng:121.01118003784404}
RPLL	31	{lat:14.510657454425996,lng:121.01776513531952},{lat:14.51037054548111,lng:121.01746886487246},{lat:14.516456625290347,lng:121.01118003784404},{lat:14.51674354212469,lng:121.01147630828558}
UUDD	14	{lat:55.42448052346956,lng:37.911440347559534},{lat:55.42478547527308,lng:37.91222565547269},{lat:55.41068809743641,lng:37.929216641719925},{lat:55.41038325444966,lng:37.92843148290029}
UUDD	32	{lat:55.396588366495514,lng:37.94619550634825},{lat:55.39628363224762,lng:37.945410496677454},{lat:55.41038325444966,lng:37.92843148290029},{lat:55.41068809743641,lng:37.929216641719925}
UUDD	14L	{lat:55.41681556905827,lng:37.914996964129486},{lat:55.417084429959466,lng:37.915691038232616},{lat:55.40829735487203,lng:37.92625334543945},{lat:55.408028553763266,lng:37.925559353827936}
UUDD	32R	{lat:55.39950937018052,lng:37.93681095573018},{lat:55.399240628837454,lng:37.936117046628766},{lat:55.408028553763266,lng:37.925559353827936},{lat:55.40829735487203,lng:37.92625334543945}
UUDD	14R	{lat:55.42090869011063,lng:37.87174618231464},{lat:55.42121330863089,lng:37.872531820715125},{lat:55.408242251493185,lng:37.888139374064494},{lat:55.40793773297647,lng:37.88735387327059}
UUDD	32L	{lat:55.39526920866054,lng:37.90373668308253},{lat:55.39496479008143,lng:37.902951319941266},{lat:55.40793773297647,lng:37.88735387327059},{lat:55.408242251493185,lng:37.888139374064494}
VAAH	05	{lat:23.06581581134782,lng:72.6225632352787},{lat:23.06610018849663,lng:72.62224876438897},{lat:23.077355155509334,lng:72.63427375747207},{lat:23.077070754565142,lng:72.63458822925082}
VAAH	23	{lat:23.088609212298472,lng:72.64630076350372},{lat:23.088324787545858,lng:72.64661523616354},{lat:23.077070754565142,lng:72.63458822925082},{lat:23.077355155509334,lng:72.63427375747207}
VABB	09	{lat:19.088186028303536,lng:72.84925124696237},{lat:19.088725971696366,lng:72.8492427530238},{lat:19.08891395738932,lng:72.8626582597014},{lat:19.088374013383433,lng:72.86266670989937}
VABB	27	{lat:19.08910097230784,lng:72.87607379676483},{lat:19.088561027692062,lng:72.87608220322149},{lat:19.088374013383433,lng:72.86266670989937},{lat:19.08891395738932,lng:72.8626582597014}
VABB	14	{lat:19.095865745602772,lng:72.8597691684999},{lat:19.096156254276096,lng:72.86006883176313},{lat:19.089010410286022,lng:72.86782616690532},{lat:19.088719914153454,lng:72.8675265029644}
VABB	32	{lat:19.081864241737897,lng:72.87558283243936},{lat:19.081573758141047,lng:72.87528316782343},{lat:19.088719914153454,lng:72.8675265029644},{lat:19.089010410286022,lng:72.86782616690532}
VCBI	04	{lat:7.169066237725979,lng:79.87474874999779},{lat:7.169311762216778,lng:79.87442324991447},{lat:7.1813393573994135,lng:79.88363950433137},{lat:7.181093826420075,lng:79.88396500804478}
VCBI	22	{lat:7.193366768710753,lng:79.89285624628135},{lat:7.193121231231815,lng:79.8931817536306},{lat:7.181093826420075,lng:79.88396500804478},{lat:7.1813393573994135,lng:79.88363950433137}
VDPP	05	{lat:11.536927167160167,lng:104.83442294631261},{lat:11.537216832767974,lng:104.83413305353777},{lat:11.546202987144435,lng:104.84348675402349},{lat:11.545913312259204,lng:104.84377664642597}
VDPP	23	{lat:11.55518884204905,lng:104.85284105391078},{lat:11.554899157878985,lng:104.85313094593937},{lat:11.545913312259204,lng:104.84377664642597},{lat:11.546202987144435,lng:104.84348675402349}
VEBN	09	{lat:25.452472458033277,lng:82.85059574964104},{lat:25.452877541965705,lng:82.8506202504002},{lat:25.45226156839524,lng:82.86310083525113},{lat:25.45185648653557,lng:82.86307629262014}
VEBN	27	{lat:25.451644539891195,lng:82.875581292271},{lat:25.451239460107768,lng:82.87555670777034},{lat:25.45185648653557,lng:82.86307629262014},{lat:25.45226156839524,lng:82.86310083525113}
VECC	01L	{lat:22.6402422022917,lng:88.44422650736594},{lat:22.64028579741223,lng:88.44378949256469},{lat:22.65260530582619,lng:88.44523234370493},{lat:22.652561706794696,lng:88.44566939725311}
VECC	19R	{lat:22.66492480132437,lng:88.44667545380432},{lat:22.664881198379206,lng:88.44711254612625},{lat:22.652561706794696,lng:88.44566939725311},{lat:22.65260530582619,lng:88.44523234370493}
VECC	01R	{lat:22.642186212898107,lng:88.44654051170014},{lat:22.642229786805796,lng:88.44610348823055},{lat:22.656621797897092,lng:88.44778828892032},{lat:22.656578219422023,lng:88.44822535766363}
VECC	19L	{lat:22.671013791374815,lng:88.44947344293853},{lat:22.67097020832866,lng:88.44991055699207},{lat:22.656578219422023,lng:88.44822535766363},{lat:22.656621797897092,lng:88.44778828892032}
VEGY	10	{lat:24.74639694152002,lng:84.93954703687943},{lat:24.746791058461366,lng:84.93965296328847},{lat:24.74443742855614,lng:84.95026868012295},{lat:24.74404331907673,lng:84.95016272206377}
VEGY	28	{lat:24.742083050998705,lng:84.96088399493536},{lat:24.741688948982656,lng:84.9607780052326},{lat:24.74404331907673,lng:84.95016272206377},{lat:24.74443742855614,lng:84.95026868012295}
VGHS	14	{lat:23.854911797843027,lng:90.38832654637947},{lat:23.855150201949073,lng:90.38868545395073},{lat:23.843468468773068,lng:90.39796128207973},{lat:23.843230086154122,lng:90.39760238979547}
VGHS	32	{lat:23.831786180468455,lng:90.40723543866537},{lat:23.83154781932385,lng:90.40687656166436},{lat:23.843230086154122,lng:90.39760238979547},{lat:23.843468468773068,lng:90.39796128207973}
VHHH	07L	{lat:22.310662030830876,lng:113.89806002281874},{lat:22.311171969112607,lng:113.8978679768306},{lat:22.316275247185047,lng:113.91370342338273},{lat:22.315765290262565,lng:113.91389541854784}
VHHH	25R	{lat:22.32137698775327,lng:113.92954002766521},{lat:22.32086701219024,lng:113.92973197198411},{lat:22.315765290262565,lng:113.91389541854784},{lat:22.316275247185047,lng:113.91370342338273}
VHHH	07R	{lat:22.29642003275886,lng:113.89953801900889},{lat:22.296929967184656,lng:113.89934598064067},{lat:22.30230883032812,lng:113.91603386488875},{lat:22.30179887626884,lng:113.91622584973689}
VHHH	25L	{lat:22.307685986818047,lng:113.93272303417362},{lat:22.307176013125506,lng:113.9329149654759},{lat:22.30179887626884,lng:113.91622584973689},{lat:22.30230883032812,lng:113.91603386488875}
VIDP	09	{lat:28.570347224202102,lng:77.08812702042262},{lat:28.570752775797644,lng:77.08813897960043},{lat:28.570442454512577,lng:77.10175304605976},{lat:28.570036904113135,lng:77.10174103444311}
VIDP	27	{lat:28.57013077459893,lng:77.11536703203863},{lat:28.569725225400813,lng:77.1153549679846},{lat:28.570036904113135,lng:77.10174103444311},{lat:28.570442454512577,lng:77.10175304605976}
VIDP	10	{lat:28.567034798734884,lng:77.08481337867558},{lat:28.56742720123992,lng:77.08493062154304},{lat:28.563080995458897,lng:77.10378293295469},{lat:28.562688609158876,lng:77.10366562463881}
VIDP	28	{lat:28.55873218503183,lng:77.12263368697843},{lat:28.558339814942922,lng:77.1225163132403},{lat:28.562688609158876,lng:77.10366562463881},{lat:28.563080995458897,lng:77.10378293295469}
VIDP	11	{lat:28.545531690796963,lng:77.07183015479046},{lat:28.546056309164157,lng:77.07197584557238},{lat:28.543581791187243,lng:77.08352064386405},{lat:28.5430571851447,lng:77.08337489900514}
VIDP	29	{lat:28.541106296837828,lng:77.09506489964336},{lat:28.540581703123237,lng:77.09491910071966},{lat:28.5430571851447,lng:77.08337489900514},{lat:28.543581791187243,lng:77.08352064386406}
VLLB	05	{lat:19.898785817091206,lng:102.16038841139458},{lat:19.899092182797087,lng:102.16010558833173},{lat:19.90643391599551,lng:102.16910117306887},{lat:19.906127536076486,lng:102.16938399183734}
VLLB	23	{lat:19.91377519701294,lng:102.17809759262859},{lat:19.9134688028753,lng:102.17838040709752},{lat:19.906127536076486,lng:102.16938399183734},{lat:19.90643391599551,lng:102.16910117306887}
VLVT	13	{lat:17.997799606759788,lng:102.55313410368738},{lat:17.998084393121875,lng:102.55343789655791},{lat:17.98846064027199,lng:102.56341094021192},{lat:17.988175869445495,lng:102.5631071478148}
VLVT	31	{lat:17.9788363775908,lng:102.57338289608273},{lat:17.97855162229098,lng:102.57307910416223},{lat:17.988175869445495,lng:102.5631071478148},{lat:17.98846064027199,lng:102.56341094021192}
VNKT	02	{lat:27.683800683228135,lng:85.35360578733889},{lat:27.683955316434414,lng:85.35317221235418},{lat:27.696191436378946,lng:85.3587380679813},{lat:27.6960367858413,lng:85.35917168367729}
VNKT	20	{lat:27.70842733377092,lng:85.36430517163159},{lat:27.708272665891297,lng:85.364738828061},{lat:27.6960367858413,lng:85.35917168367729},{lat:27.696191436378946,lng:85.3587380679813}
VOBL	09L	{lat:13.206961163980154,lng:77.68607017669189},{lat:13.207366836019833,lng:77.68607382331112},{lat:13.207208996517059,lng:77.70452235061367},{lat:13.206803324739644,lng:77.70451867334283}
VOBL	27R	{lat:13.207049835756473,lng:77.72297085396254},{lat:13.206644164243516,lng:77.72296714604056},{lat:13.206803324739644,lng:77.70451867334283},{lat:13.207208996517059,lng:77.70452235061367}
VOBL	09R	{lat:13.1895331642282,lng:77.6899761479391},{lat:13.189938835771787,lng:77.68997985206396},{lat:13.189778495457764,lng:77.70842837951776},{lat:13.18937282418023,lng:77.70842464478335}
VOBL	27L	{lat:13.189616835504639,lng:77.72687688267332},{lat:13.189211164495347,lng:77.72687311732983},{lat:13.18937282418023,lng:77.70842464478335},{lat:13.189778495457764,lng:77.70842837951776}
VOHS	09L	{lat:17.230450177558932,lng:78.41523408093383},{lat:17.230855822441022,lng:78.41522791905942},{lat:17.231096572588914,lng:78.43265541554811},{lat:17.230690927178202,lng:78.43266153916423}
VOHS	27R	{lat:17.231335822968003,lng:78.45008295731816},{lat:17.23093017703195,lng:78.45008904267515},{lat:17.230690927178202,lng:78.43266153916423},{lat:17.231096572588914,lng:78.43265541554811}
VOHS	09R	{lat:17.228313027095858,lng:78.41282911605094},{lat:17.228852972904058,lng:78.41282088393702},{lat:17.229130462986934,lng:78.43284288322332},{lat:17.228590516367817,lng:78.43285105683849}
VOHS	27L	{lat:17.229405973712094,lng:78.45286494243659},{lat:17.228866026287825,lng:78.45287305755157},{lat:17.228590516367817,lng:78.43285105683849},{lat:17.229130462986934,lng:78.43284288322332}
VOMM	07	{lat:12.983941725128657,lng:80.15299985649227},{lat:12.984320274849932,lng:80.15285014339369},{lat:12.99023875425692,lng:80.16861227804394},{lat:12.989860195517178,lng:80.16876197069091}
VOMM	25	{lat:12.996156283869905,lng:80.18437516385147},{lat:12.995777716108673,lng:80.1845248360344},{lat:12.989860195517178,lng:80.16876197069091},{lat:12.99023875425692,lng:80.16861227804394}
VOMM	12	{lat:13.0034735895794,lng:80.16238886499183},{lat:13.003832410384494,lng:80.16258313514867},{lat:12.999406049005897,lng:80.17119429321968},{lat:12.99904723460127,lng:80.17100001407661}
VOMM	30	{lat:12.994979403985015,lng:80.17980514413274},{lat:12.994620595978896,lng:80.17961085600766},{lat:12.99904723460127,lng:80.17100001407661},{lat:12.999406049005897,lng:80.17119429321968}
VTBD	03L	{lat:13.896881919080318,lng:100.59618329829482},{lat:13.897140080676822,lng:100.59569470143286},{lat:13.911811226718212,lng:100.60392166872082},{lat:13.911553048756588,lng:100.60441028737822}
VTBD	03R	{lat:13.899472013188308,lng:100.60171152887943},{lat:13.899665986674604,lng:100.60134447096681},{lat:13.912160591933727,lng:100.60835208545298},{lat:13.911966607974357,lng:100.6087191573099}
VTBD	21L	{lat:13.924654997152649,lng:100.61536045701608},{lat:13.924461002710014,lng:100.61572754282984},{lat:13.911966607974357,lng:100.6087191573099},{lat:13.912160591933727,lng:100.60835208545298}
VTBD	21R	{lat:13.926482097051034,lng:100.61214967962559},{lat:13.926223902705596,lng:100.61263832010141},{lat:13.911553048756588,lng:100.60441028737822},{lat:13.911811226718212,lng:100.60392166872082}
VTBS	01L	{lat:13.67121119416621,lng:100.73493323418278},{lat:13.67134480554324,lng:100.73439476566448},{lat:13.687540346497743,lng:100.73865145529366},{lat:13.687406725928119,lng:100.73918995844295}
VTBS	01R	{lat:13.656630206304662,lng:100.75210022071612},{lat:13.656763793405105,lng:100.75156177913136},{lat:13.674272340801608,lng:100.75616241836217},{lat:13.674138743775593,lng:100.75670089734511}
VTBS	19L	{lat:13.691780803337247,lng:100.76076374170705},{lat:13.691647196371758,lng:100.76130225814},{lat:13.674138743775593,lng:100.75670089734511},{lat:13.674272340801608,lng:100.75616241836217}
VTBS	19R	{lat:13.703735814741433,lng:100.74290873101111},{lat:13.703602184967313,lng:100.74344726883571},{lat:13.687406725928119,lng:100.73918995844295},{lat:13.687540346497743,lng:100.73865145529366}
VTBU	18	{lat:12.695649681055517,lng:101.00601812559492},{lat:12.695606318659692,lng:101.00656987435804},{lat:12.679795323191875,lng:101.00526427627636},{lat:12.67983868289382,lng:101.00471256156808}
VTBU	36	{lat:12.663984321352123,lng:101.00395884032618},{lat:12.664027678363825,lng:101.0034071596269},{lat:12.679838682893822,lng:101.00471256156808},{lat:12.679795323191872,lng:101.00526427627634}
VTCC	18	{lat:18.78105847293505,lng:98.96270474913759},{lat:18.78105752682074,lng:98.96313325086118},{lat:18.76704952686332,lng:98.96309873019044},{lat:18.767050472899008,lng:98.96267026407632}
VTCC	36	{lat:18.753041526899526,lng:98.96306421526747},{lat:18.75304247285666,lng:98.9626357847313},{lat:18.767050472899008,lng:98.96267026407632},{lat:18.76704952686332,lng:98.96309873019044}
VTSC	02	{lat:6.507416740791035,lng:101.7382014982908},{lat:6.507577259139873,lng:101.7378265016493},{lat:6.517945280692156,lng:101.74232240554247},{lat:6.517784759027311,lng:101.74269740849279}
VTSC	20	{lat:6.528313262458462,lng:101.74681849533532},{lat:6.528152737472227,lng:101.74719350460457},{lat:6.517784759027311,lng:101.74269740849279},{lat:6.517945280692156,lng:101.74232240554247}
VTSG	14	{lat:8.106338790814755,lng:98.9799602257052},{lat:8.106595209123821,lng:98.980277774396},{lat:8.096103296684786,lng:98.98892149816251},{lat:8.095846885059327,lng:98.98860395224249}
VTSG	32	{lat:8.08561120244471,lng:98.99756477162664},{lat:8.085354797494023,lng:98.99724722847428},{lat:8.095846885059327,lng:98.98860395224249},{lat:8.096103296684786,lng:98.98892149816251}
VTSP	09	{lat:8.111756066935266,lng:98.3033253940274},{lat:8.11215993306382,lng:98.3032866059531},{lat:8.113435157564343,lng:98.31683656971413},{lat:8.113031290154476,lng:98.31687534429682}
VTSP	27	{lat:8.114709934345012,lng:98.3303866194459},{lat:8.114306065654075,lng:98.33042538053459},{lat:8.113031290154476,lng:98.31687534429683},{lat:8.113435157564343,lng:98.31683656971414}
VTSS	08	{lat:6.930784762106126,lng:100.38053666127126},{lat:6.931187237892497,lng:100.3804853387068},{lat:6.932905434165856,lng:100.39416029459466},{lat:6.932502956912104,lng:100.39421160566746}
VTSS	26	{lat:6.934623239359898,lng:100.4078353502},{lat:6.934220760638725,lng:100.40788664977808},{lat:6.932502956912104,lng:100.39421160566746},{lat:6.932905434165856,lng:100.39416029459466}
VVNB	11L	{lat:21.22507824969213,lng:105.79251357633198},{lat:21.225465750283416,lng:105.79264242383724},{lat:21.221208383756387,lng:105.80737486644104},{lat:21.220820894346478,lng:105.80724598396156}
VVNB	11R	{lat:21.224500240567707,lng:105.78628560817312},{lat:21.224887759407874,lng:105.786414391996},{lat:21.219836153365872,lng:105.80390401155721},{lat:21.21944864779296,lng:105.80377518621044}
VVNB	29L	{lat:21.214782746140205,lng:105.82139243351061},{lat:21.214395253835352,lng:105.82126356665853},{lat:21.219448647792966,lng:105.80377518621046},{lat:21.21983615336588,lng:105.80390401155724}
VVNB	29R	{lat:21.21694973910175,lng:105.82210645880487},{lat:21.216562260873786,lng:105.82197754136433},{lat:21.220820894346467,lng:105.80724598396156},{lat:21.22120838375638,lng:105.80737486644104}
VVTS	07L	{lat:10.81482210481441,lng:106.63718109971234},{lat:10.81520589516745,lng:106.63703090019156},{lat:10.82013117215905,lng:106.6500761929915},{lat:10.819747375502065,lng:106.65022637828238}
VVTS	07R	{lat:10.813660655014205,lng:106.64346807583779},{lat:10.814039344968146,lng:106.6433199240687},{lat:10.818971622860404,lng:106.65638821612711},{lat:10.81859292667814,lng:106.65653635383048}
VVTS	25L	{lat:10.823903351197623,lng:106.66945693813832},{lat:10.823524648784721,lng:106.6696050617681},{lat:10.81859292667814,lng:106.65653635383048},{lat:10.818971622860404,lng:106.65638821612711}
VVTS	25R	{lat:10.825055901472556,lng:106.66312191442543},{lat:10.82467209850929,lng:106.66327208547841},{lat:10.819747375502065,lng:106.6502263782824},{lat:10.82013117215905,lng:106.65007619299153}
VYYY	03	{lat:16.897791619900712,lng:96.12712543817568},{lat:16.89808637982793,lng:96.12665256145482},{lat:16.910985077282966,lng:96.13543545096972},{lat:16.910690297188495,lng:96.1359083463118}
VYYY	21	{lat:16.92388340000354,lng:96.14421954282697},{lat:16.9235885997247,lng:96.14469245680286},{lat:16.910690297188484,lng:96.1359083463118},{lat:16.910985077282955,lng:96.13543545096972}
WAAA	03	{lat:-5.092387012511015,lng:119.54420760064653},{lat:-5.092184987440859,lng:119.54385439940899},{lat:-5.080057526967828,lng:119.55084603319578},{lat:-5.080259548232024,lng:119.55119922997349}
WAAA	21	{lat:-5.067929991242348,lng:119.55783740386336},{lat:-5.068132008709757,lng:119.55819059619189},{lat:-5.080259548232024,lng:119.55119922997349},{lat:-5.080057526967828,lng:119.55084603319578}
WAAA	13	{lat:-5.054442752865516,lng:119.54534517456518},{lat:-5.054135247107461,lng:119.54561082537175},{lat:-5.061476801624802,lng:119.55417572763868},{lat:-5.0617843108702765,lng:119.55391007788789}
WAAA	31	{lat:-5.068818243617465,lng:119.56274082431499},{lat:-5.069125756355433,lng:119.56247517562177},{lat:-5.0617843108702765,lng:119.55391007788789},{lat:-5.061476801624802,lng:119.55417572763868}
WADD	09	{lat:-8.749146686304922,lng:115.15383008555762},{lat:-8.7487413136949,lng:115.15381391445122},{lat:-8.74821005756965,lng:115.1674404264966},{lat:-8.748615429601246,lng:115.16745661241632}
WADD	27	{lat:-8.747678314273577,lng:115.18106689963837},{lat:-8.748083685726249,lng:115.18108310037044},{lat:-8.748615429601246,lng:115.16745661241632},{lat:-8.74821005756965,lng:115.1674404264966}
WARR	10	{lat:-7.37786918086753,lng:112.7734589664479},{lat:-7.377468819130048,lng:112.77352503352222},{lat:-7.379641517407701,lng:112.78691346187547},{lat:-7.3800418811112625,lng:112.78684740659197}
WARR	28	{lat:-7.38181381716385,lng:112.80030202172951},{lat:-7.382214182833726,lng:112.80023597824062},{lat:-7.3800418811112625,lng:112.78684740659197},{lat:-7.379641517407701,lng:112.78691346187547}
WIII	06	{lat:-6.114136584683145,lng:106.64469311439804},{lat:-6.11363541529796,lng:106.6444908856967},{lat:-6.1086135639574834,lng:106.65707849883253},{lat:-6.109114728639488,lng:106.65728073742487}
WIII	07L	{lat:-6.121267614056631,lng:106.63892604208526},{lat:-6.120766385924478,lng:106.63872395800955},{lat:-6.114740100004489,lng:106.65384212241902},{lat:-6.115241322485941,lng:106.65404421839237}
WIII	07R	{lat:-6.142808601726431,lng:106.64376207709648},{lat:-6.142307398254598,lng:106.64355992299868},{lat:-6.136180120147521,lng:106.65892659361438},{lat:-6.136681317853901,lng:106.65912875984594}
WIII	24	{lat:-6.10359141999932,lng:106.66966587580998},{lat:-6.10409257998181,lng:106.66986812428458},{lat:-6.109114728639488,lng:106.65728073742487},{lat:-6.1086135639574834,lng:106.65707849883253}
WIII	25L	{lat:-6.1300524040173405,lng:106.67429291087136},{lat:-6.13055359596372,lng:106.67449508922361},{lat:-6.136681317853902,lng:106.65912875984594},{lat:-6.136180120147522,lng:106.65892659361438}
WIII	25R	{lat:-6.108713391572558,lng:106.66895994611812},{lat:-6.109214608408584,lng:106.66916205397652},{lat:-6.115241322485941,lng:106.65404421839237},{lat:-6.114740100004489,lng:106.65384212241902}
WMKK	14L	{lat:2.778335772641005,lng:101.70162538675729},{lat:2.7786362273163605,lng:101.70207461329987},{lat:2.763559768331261,lng:101.71218174009063},{lat:2.763259317482368,lng:101.71173251670398}
WMKK	14R	{lat:2.743121754328122,lng:101.69773940569189},{lat:2.7434222456297905,lng:101.69818859436455},{lat:2.72843078567118,lng:101.70824021814386},{lat:2.7281302981264894,lng:101.70779103256831}
WMKK	15	{lat:2.7380637482048225,lng:101.67726741074678},{lat:2.7383642517531683,lng:101.67771658930954},{lat:2.723516790945166,lng:101.68767221049562},{lat:2.7232162911110698,lng:101.68722303499423}
WMKK	32L	{lat:2.7134392418833646,lng:101.71829159127559},{lat:2.7131387580750084,lng:101.71784240878024},{lat:2.7281302981264894,lng:101.70779103256831},{lat:2.7284307856711796,lng:101.70824021814386}
WMKK	32R	{lat:2.7484832235005694,lng:101.72228861015219},{lat:2.74818277645726,lng:101.72183938990437},{lat:2.763259317482368,lng:101.71173251670398},{lat:2.763559768331261,lng:101.71218174009063}
WMKK	33	{lat:2.708669248049271,lng:101.69762758625613},{lat:2.7083687519091746,lng:101.69717841379956},{lat:2.7232162911110698,lng:101.68722303499423},{lat:2.7235167909451663,lng:101.68767221049562}
WMKP	04	{lat:5.285811392381154,lng:100.2668603394576},{lat:5.286088607580706,lng:100.26655166047331},{lat:5.297315193052163,lng:100.27672047521042},{lat:5.297037972821724,lng:100.2770291552397}
WMKP	22	{lat:5.30854161261689,lng:100.28688965942723},{lat:5.3082643873448125,lng:100.2871983405034},{lat:5.297037972821724,lng:100.2770291552397},{lat:5.297315193052163,lng:100.27672047521042}
WSSS	02C	{lat:1.3286480115304906,lng:103.98520982028667},{lat:1.3288579884444587,lng:103.9847121796922},{lat:1.3455049992739423,lng:103.99174013034808},{lat:1.34529502093601,lng:103.99223777371614}
WSSS	02L	{lat:1.3488590039472468,lng:103.97769881913635},{lat:1.349068996027322,lng:103.97720118084219},{lat:1.3626355034219062,lng:103.98292914743695},{lat:1.3624255101650744,lng:103.98342678802297}
WSSS	02R	{lat:1.322281013971693,lng:104.00009582067747},{lat:1.3224909860033762,lng:103.9995981793015},{lat:1.3391384967816313,lng:104.00662613018952},{lat:1.3389285233327568,lng:104.00712377432598}
WSSS	20C	{lat:1.3621519898769803,lng:103.99876817690105},{lat:1.361942010097341,lng:103.99926582307727},{lat:1.34529502093601,lng:103.99223777371614},{lat:1.3455049992739416,lng:103.99174013034808}
WSSS	20L	{lat:1.3557859874291247,lng:104.01365417652343},{lat:1.355576012545316,lng:104.01415182345498},{lat:1.338928523332757,lng:104.00712377432596},{lat:1.339138496781631,lng:104.00662613018949}
WSSS	20R	{lat:1.3762019972097161,lng:103.98865717853865},{lat:1.375992002764341,lng:103.98915482143944},{lat:1.362425510165074,lng:103.98342678802297},{lat:1.3626355034219066,lng:103.98292914743695}
YBBN	01L	{lat:-27.38320326833875,lng:153.10706810818587},{lat:-27.382958731137347,lng:153.1065258924135},{lat:-27.369697450686544,lng:153.11411032518842},{lat:-27.369941958581112,lng:153.11465249273851}
YBBN	19R	{lat:-27.356435760434845,lng:153.12169294062275},{lat:-27.356680239041793,lng:153.12223505997562},{lat:-27.369941958581112,lng:153.11465249273851},{lat:-27.369697450686544,lng:153.11411032518842}
YBBN	01R	{lat:-27.40289485589417,lng:153.11842071178916},{lat:-27.402711143809874,lng:153.11801328854943},{lat:-27.388645886167122,lng:153.12605883094753},{lat:-27.388829574880226,lng:153.12646621572415}
YBBN	19L	{lat:-27.374580167173107,lng:153.1341023270017},{lat:-27.374763832531265,lng:153.1345096733364},{lat:-27.388829574880223,lng:153.12646621572415},{lat:-27.388645886167122,lng:153.12605883094753}
YMML	09	{lat:-37.66095829503809,lng:144.8222281652282},{lat:-37.660553704958915,lng:144.82226583466914},{lat:-37.661306907602835,lng:144.8351866686738},{lat:-37.66171150178704,lng:144.8351490692707}
YMML	27	{lat:-37.66205870085767,lng:144.8481077646288},{lat:-37.66246329913936,lng:144.84807023526895},{lat:-37.66171150178704,lng:144.8351490692707},{lat:-37.661306907602835,lng:144.8351866686738}
YMML	16	{lat:-37.65323144541841,lng:144.83457362853392},{lat:-37.653152553620785,lng:144.83524837110764},{lat:-37.669451084008806,lng:144.83828927560864},{lat:-37.66952999312916,lng:144.83761438811}
YMML	34	{lat:-37.685749536290544,lng:144.84133151608927},{lat:-37.685828462747544,lng:144.84065648355153},{lat:-37.66952999312916,lng:144.83761438811},{lat:-37.669451084008806,lng:144.83828927560864}
YPAD	05	{lat:-34.95783646267674,lng:138.5186149795996},{lat:-34.95752553711612,lng:138.51829702100352},{lat:-34.94900768300145,lng:138.530695302152},{lat:-34.94931857625352,lng:138.53101327473337}
YPAD	23	{lat:-34.94048856942025,lng:138.5430910070307},{lat:-34.94079943037259,lng:138.54340899357197},{lat:-34.94931857625352,lng:138.53101327473337},{lat:-34.94900768300145,lng:138.530695302152}
YPAD	12	{lat:-34.941354885584616,lng:138.52176894026167},{lat:-34.941017114261456,lng:138.5220430591738},{lat:-34.945128338733284,lng:138.52958267247433},{lat:-34.94546612699179,lng:138.52930857087694}
YPAD	30	{lat:-34.94923909732536,lng:138.5371230418541},{lat:-34.949576902520725,lng:138.53684895758119},{lat:-34.94546612699179,lng:138.52930857087694},{lat:-34.945128338733284,lng:138.52958267247433}
YPPH	03	{lat:-31.958787682053007,lng:115.95991509402245},{lat:-31.95869031752478,lng:115.95945090622362},{lat:-31.94361790103601,lng:115.96384216211035},{lat:-31.943715249591058,lng:115.96430627840992}
YPPH	06	{lat:-31.941162453987886,lng:115.95932692669794},{lat:-31.94081554589177,lng:115.95907907376984},{lat:-31.935775431212097,lng:115.96887409916455},{lat:-31.93612232028552,lng:115.96912197546952}
YPPH	21	{lat:-31.928545333492288,lng:115.96823197769739},{lat:-31.928642666085963,lng:115.96869602254823},{lat:-31.943715249591058,lng:115.96430627840992},{lat:-31.94361790103601,lng:115.96384216211035}
YPPH	24	{lat:-31.930734564913475,lng:115.97866805039985},{lat:-31.931081434966142,lng:115.97891595006779},{lat:-31.93612232028552,lng:115.96912197546952},{lat:-31.935775431212097,lng:115.96887409916455}
YSSY	07	{lat:-33.943934122441725,lng:151.16369482031774},{lat:-33.94354387752219,lng:151.16356117998856},{lat:-33.94056403017501,lng:151.17620159587483},{lat:-33.940954261434726,lng:151.17633528946965}
YSSY	25	{lat:-33.93758289118392,lng:151.18884112673098},{lat:-33.937973108779914,lng:151.1889748735755},{lat:-33.940954261434726,lng:151.17633528946965},{lat:-33.94056403017501,lng:151.17620159587483}
YSSY	16L	{lat:-33.95167869145275,lng:151.18860794248397},{lat:-33.95159330808517,lng:151.18908605727617},{lat:-33.96115432819605,lng:151.1915678039398},{lat:-33.961239721158826,lng:151.19108963790876}
YSSY	34R	{lat:-33.970715298487555,lng:151.1940501085264},{lat:-33.97080070105002,lng:151.19357189123352},{lat:-33.961239721158826,lng:151.19108963790876},{lat:-33.96115432819605,lng:151.1915678039398}
YSSY	16R	{lat:-33.930142654717336,lng:151.1715439934225},{lat:-33.930057344820916,lng:151.17202200633812},{lat:-33.94714091561436,lng:151.1764516628163},{lat:-33.94722624262997,lng:151.17597355841684}
YSSY	34L	{lat:-33.9642243276943,lng:151.18088309785855},{lat:-33.96430967184337,lng:151.18040490190154},{lat:-33.94722624262996,lng:151.17597355841684},{lat:-33.94714091561437,lng:151.1764516628163}
ZBAA	01	{lat:40.058946265912,lng:116.61800823862863},{lat:40.05888173303341,lng:116.61730776170306},{lat:40.07586375568142,lng:116.61463634196659},{lat:40.07592830464989,lng:116.61533699100973}
ZBAA	19	{lat:40.09284571693607,lng:116.61196358951383},{lat:40.09291028200808,lng:116.61266441081858},{lat:40.07592830464989,lng:116.61533699100973},{lat:40.07586375568142,lng:116.61463634196659}
ZBAA	18L	{lat:40.08942072997523,lng:116.59447160509438},{lat:40.08948526896904,lng:116.59517239523784},{lat:40.07249229162071,lng:116.59784547586165},{lat:40.07242776873238,lng:116.59714485806485}
ZBAA	36R	{lat:40.05549925287101,lng:116.60051722296292},{lat:40.055434746074525,lng:116.59981677736859},{lat:40.07242776873238,lng:116.59714485806485},{lat:40.07249229162071,lng:116.59784547586165}
ZBAA	18R	{lat:40.10203402309434,lng:116.56938026437369},{lat:40.102087976173756,lng:116.56996373585767},{lat:40.08778249246308,lng:116.57222415038952},{lat:40.08772855072395,lng:116.57164079975256}
ZBAA	36L	{lat:40.07347696483788,lng:116.57448361505296},{lat:40.07342303443097,lng:116.57390038517795},{lat:40.08772855072395,lng:116.57164079975256},{lat:40.08778249246308,lng:116.57222415038952}
ZGGG	01	{lat:23.376895228885125,lng:113.28372050071295},{lat:23.376992770822405,lng:113.28329149912919},{lat:23.39276233424115,lng:113.28754746838219},{lat:23.392664780694087,lng:113.28797651789371}
ZGGG	19	{lat:23.40853178243701,lng:113.29180445118105},{lat:23.408434217270084,lng:113.29223354866077},{lat:23.392664780694087,lng:113.28797651789371},{lat:23.39276233424115,lng:113.28754746838219}
ZGGG	02L	{lat:23.3755790437422,lng:113.3056165047794},{lat:23.375708955739675,lng:113.30504549494081},{lat:23.391480021163773,lng:113.30930445588888},{lat:23.3913500937032,lng:113.30987552951721}
ZGGG	20R	{lat:23.40725097120909,lng:113.31356443112385},{lat:23.40712102827201,lng:113.31413556859577},{lat:23.3913500937032,lng:113.30987552951721},{lat:23.391480021163773,lng:113.30930445588888}
ZGGG	02R	{lat:23.369446025730117,lng:113.30798848670815},{lat:23.369575973751928,lng:113.30741751301207},{lat:23.386222046206935,lng:113.31191391436072},{lat:23.386092081863985,lng:113.31248495536067}
ZGGG	20L	{lat:23.40286799008013,lng:113.31641144567791},{lat:23.402738009401098,lng:113.31698255404172},{lat:23.386092081863985,lng:113.31248495536067},{lat:23.386222046206935,lng:113.31191391436072}
ZGHA	18L	{lat:28.209085422986032,lng:113.22210505465296},{lat:28.209114576333462,lng:113.22271694543053},{lat:28.19199507800458,lng:113.22376706472554},{lat:28.191965929327562,lng:113.22315527168728}
ZGHA	36R	{lat:28.174875571665588,lng:113.22481684773392},{lat:28.174846427654884,lng:113.22420515234941},{lat:28.191965929327562,lng:113.22315527168728},{lat:28.19199507800458,lng:113.22376706472554}
ZGHA	18R	{lat:28.20621397260332,lng:113.21847816360398},{lat:28.206236027012668,lng:113.2189378364435},{lat:28.191818028406473,lng:113.21982842564019},{lat:28.19179597697258,lng:113.21936881463334}
ZGHA	36L	{lat:28.17740002403854,lng:113.22071877463355},{lat:28.177377975577905,lng:113.22025922541378},{lat:28.19179597697258,lng:113.21936881463334},{lat:28.191818028406473,lng:113.21982842564019}
ZPPP	03	{lat:25.105835191876608,lng:102.92044271688204},{lat:25.106086807916352,lng:102.9200912827564},{lat:25.11830970270782,lng:102.93076520856224},{lat:25.118058061508815,lng:102.93111665585594}
ZPPP	04	{lat:25.08941612511813,lng:102.93094837215678},{lat:25.089749874513704,lng:102.93047962720401},{lat:25.103921401520175,lng:102.9427836909021},{lat:25.103587613459258,lng:102.94325245658743}
ZPPP	21	{lat:25.130531833082966,lng:102.94144126958813},{lat:25.1302801667098,lng:102.94179273004977},{lat:25.118058061508815,lng:102.93111665585594},{lat:25.11830970270782,lng:102.93076520856224}
ZPPP	22	{lat:25.118091913192167,lng:102.95509060647083},{lat:25.11775808643928,lng:102.95555939288892},{lat:25.103587613459258,lng:102.94325245658743},{lat:25.103921401520175,lng:102.9427836909021}
ZSAM	05	{lat:24.535354515001288,lng:118.11572378107876},{lat:24.535673484873538,lng:118.11544821857107},{lat:24.544163960888945,lng:118.12732542060387},{lat:24.5438449694355,lng:118.1276009715652}
ZSAM	23	{lat:24.552653506458494,lng:118.13920423012405},{lat:24.5523344934163,lng:118.13947976952551},{lat:24.5438449694355,lng:118.1276009715652},{lat:24.544163960888945,lng:118.12732542060387}
ZSPD	16L	{lat:31.16009203334837,lng:121.81586074163896},{lat:31.16025796595491,lng:121.8164612588868},{lat:31.143958097719437,lng:121.82261076963843},{lat:31.14379219364512,lng:121.82201034488634}
ZSPD	34R	{lat:31.127657937434467,lng:121.8287581664245},{lat:31.12749206186967,lng:121.82815783410027},{lat:31.14379219364512,lng:121.82201034488634},{lat:31.143958097719437,lng:121.82261076963843}
ZSPD	16R	{lat:31.158867014048713,lng:121.81147175280415},{lat:31.159032985254637,lng:121.81207224772174},{lat:31.142733117084504,lng:121.81822325868688},{lat:31.142567174416072,lng:121.81762285625162}
ZSPD	34L	{lat:31.12643295672894,lng:121.82437215527287},{lat:31.126267042575268,lng:121.82377184525201},{lat:31.142567174416072,lng:121.81762285625162},{lat:31.142733117084504,lng:121.81822325868688}
ZSPD	17L	{lat:31.161139004542534,lng:121.78569374919321},{lat:31.16130499476078,lng:121.78629425133276},{lat:31.14415264157013,lng:121.79276787357337},{lat:31.143986681387386,lng:121.79216746875807}
ZSPD	35R	{lat:31.126999964738314,lng:121.79923915404558},{lat:31.126834034565892,lng:121.79863884647935},{lat:31.143986681387386,lng:121.79216746875807},{lat:31.14415264157013,lng:121.79276787357337}
ZSPD	17R	{lat:31.15470892967881,lng:121.78304679783852},{lat:31.154875069624797,lng:121.78364720268777},{lat:31.140295673991094,lng:121.7891550080172},{lat:31.14012955959329,lng:121.78855468584433}
ZSPD	35L	{lat:31.12571604408609,lng:121.79466112003806},{lat:31.125549955218275,lng:121.79406088048725},{lat:31.14012955959329,lng:121.78855468584433},{lat:31.140295673991094,lng:121.7891550080172}
ZUCK	02L	{lat:29.705122666879006,lng:106.63697666809222},{lat:29.705239332745172,lng:106.63652933164796},{lat:29.719064426641236,lng:106.64130914517506},{lat:29.718947744709226,lng:106.64175653766627}
ZUCK	20R	{lat:29.732889348816336,lng:106.64609027558274},{lat:29.732772650807448,lng:106.646537724157},{lat:29.718947744709226,lng:106.64175653766627},{lat:29.719064426641236,lng:106.64130914517506}
ZUCK	02R	{lat:29.706424442252132,lng:106.64148759317685},{lat:29.7065415573723,lng:106.64104040656241},{lat:29.720344651738777,lng:106.64583271945995},{lat:29.720227520515717,lng:106.6462799619697}
ZUCK	20L	{lat:29.7341475734805,lng:106.65062635064895},{lat:29.734030426143516,lng:106.6510736490899},{lat:29.720227520515717,lng:106.6462799619697},{lat:29.720344651738777,lng:106.64583271945995}
ZUCK	03	{lat:29.714240823957375,lng:106.66176456354344},{lat:29.714397175377343,lng:106.66116943599314},{lat:29.730800310898964,lng:106.66688345741214},{lat:29.730643933922007,lng:106.66747867333758}
ZUCK	21	{lat:29.7472032009443,lng:106.67259934758384},{lat:29.747046798389565,lng:106.67319465195183},{lat:29.730643933922007,lng:106.66747867333758},{lat:29.730800310898964,lng:106.66688345741214}
ZUUU	02L	{lat:30.563388531866277,lng:103.94020766147689},{lat:30.56353946776832,lng:103.93977033818294},{lat:30.578599167435645,lng:103.94678172058215},{lat:30.578448208096837,lng:103.94721910086962}
ZUUU	02R	{lat:30.519396590338975,lng:103.93695994508853},{lat:30.519597409014697,lng:103.9363780543103},{lat:30.534663112160402,lng:103.9433854294273},{lat:30.53446226234451,lng:103.94396739595192}
ZUUU	20L	{lat:30.549728440165893,lng:103.95039497853928},{lat:30.54952755918707,lng:103.95097702085852},{lat:30.53446226234451,lng:103.94396739595192},{lat:30.534663112160402,lng:103.9433854294273}
ZUUU	20R	{lat:30.59365849121347,lng:103.95379528117097},{lat:30.593507508420757,lng:103.95423271848826},{lat:30.578448208096823,lng:103.94721910086962},{lat:30.578599167435634,lng:103.94678172058215},