airport	runway	bbox	lat1	lng1	lat2	lng2
EBBR	01	{lat:50.886872016941915,lng:4.491759071587964},{lat:50.88698398204082,lng:4.491068927582665},{lat:50.89998411775801,lng:4.496369857213668},{lat:50.89987212140207,lng:4.497060181137483},	50.886928	4.491414	50.912928	4.502019
EBBR	07L	{lat:50.89888762239796,lng:4.456351076470042},{lat:50.89925637744847,lng:4.4560829224681715},{lat:50.906056267720295,lng:4.479603061244074},{lat:50.90568745880971,lng:4.479871068101911},	50.899072	4.456217	50.912667	4.503264
EBBR	07R	{lat:50.88884854533597,lng:4.48053565527415},{lat:50.88922945455942,lng:4.480314343820983},{lat:50.89418293776219,lng:4.501749640540425},{lat:50.89380198802699,lng:4.501970800214618},	50.889039	4.480425	50.898942	4.523300
EBBR	19	{lat:50.912984013308765,lng:4.501673747603595},{lat:50.912871985673135,lng:4.502364251565367},{lat:50.89987212140208,lng:4.497060181137483},{lat:50.89998411775802,lng:4.496369857213668},	50.912928	4.502019	50.886928	4.491414
EBBR	25L	{lat:50.89913249506098,lng:4.523189495659084},{lat:50.89875150483469,lng:4.523410503436779},{lat:50.89380198802699,lng:4.501970800214617},{lat:50.89418293776219,lng:4.501749640540425},	50.898942	4.523300	50.889039	4.480425
EBBR	25R	{lat:50.91285143130047,lng:4.503130069695391},{lat:50.91248256854632,lng:4.503397929243166},{lat:50.90568745880971,lng:4.479871068101911},{lat:50.906056267720295,lng:4.479603061244074},	50.912667	4.503264	50.899072	4.456217
EDDF	07C	{lat:50.03236398210715,lng:8.534777723739131},{lat:50.03287001770788,lng:8.534484274714726},{lat:50.03912849401157,lng:8.560655983072504},{lat:50.03862239244944,lng:8.560949194492098},	50.032617	8.534631	50.045128	8.586981
EDDF	07L	{lat:50.036865942972625,lng:8.497188354058538},{lat:50.03724605692274,lng:8.496967645067812},{lat:50.04163201601916,lng:8.515285534354813},{lat:50.041251867342254,lng:8.515506118466684},	50.037056	8.497078	50.045825	8.533717
EDDF	07R	{lat:50.027351910412506,lng:8.534285196199244},{lat:50.027732089483145,lng:8.534064802928496},{lat:50.03399055834703,lng:8.560239481961926},{lat:50.0336103297292,lng:8.560459696721765},	50.027542	8.534175	50.040053	8.586531
EDDF	18	{lat:50.03416772094512,lng:8.525615212874921},{lat:50.03417027819804,lng:8.526246787141897},{lat:50.01632477785494,lng:8.526421734842653},{lat:50.016322221551924,lng:8.525790395164726},	50.034169	8.525931	49.998478	8.526281
EDDF	25C	{lat:50.04538108365017,lng:8.586834512433992},{lat:50.04487491616548,lng:8.587127486021279},{lat:50.03862239244944,lng:8.560949194492098},{lat:50.03912849401157,lng:8.560655983072504},	50.045128	8.586981	50.032617	8.534631
EDDF	25L	{lat:50.0402431390159,lng:8.586420981525253},{lat:50.0398628608801,lng:8.586641017603293},{lat:50.0336103297292,lng:8.560459696721768},{lat:50.03399055834703,lng:8.56023948196193},	50.040053	8.586531	50.027542	8.534175
EDDF	25R	{lat:50.046015091642516,lng:8.533606769988861},{lat:50.045634908253085,lng:8.533827229138048},{lat:50.041251867342254,lng:8.515506118466684},{lat:50.04163201601916,lng:8.515285534354813},	50.045825	8.533717	50.037056	8.497078
EDDF	36	{lat:49.99847927724916,lng:8.526596552670524},{lat:49.998476721895074,lng:8.52596544734625},{lat:50.016322221551924,lng:8.525790395164726},{lat:50.01632477785494,lng:8.526421734842653},	49.998478	8.526281	50.034169	8.525931
EDDK	06	{lat:50.85993917115375,lng:7.12391718994358},{lat:50.86030482868068,lng:7.123638808964916},{lat:50.86507940677401,lng:7.139384244142809},{lat:50.86471371180083,lng:7.139662530134535},	50.860122	7.123778	50.869669	7.155272
EDDK	14L	{lat:50.880286757883034,lng:7.128759249564228},{lat:50.88065124126517,lng:7.1293907529056755},{lat:50.868015123879,lng:7.147704202246857},{lat:50.867650739304246,lng:7.1470727269167185},	50.880469	7.129075	50.855194	7.165692
EDDK	14R	{lat:50.87070707448147,lng:7.120623853697502},{lat:50.87098092503802,lng:7.121098147695777},{lat:50.86481224840894,lng:7.130039825587258},{lat:50.864538434087976,lng:7.1295655418257535},	50.870844	7.120861	50.858506	7.138742
EDDK	24	{lat:50.86985186612386,lng:7.155132903990173},{lat:50.869486133710836,lng:7.155411094918472},{lat:50.86471371180083,lng:7.139662530134532},{lat:50.86507940677401,lng:7.139384244142808},	50.869669	7.155272	50.860122	7.123778
EDDK	32L	{lat:50.858642888806806,lng:7.138979137446395},{lat:50.858369110712665,lng:7.138504863945846},{lat:50.864538434087976,lng:7.129565541825755},{lat:50.86481224840894,lng:7.130039825587259},	50.858506	7.138742	50.870844	7.120861
EDDK	32R	{lat:50.85537614248223,lng:7.166007724825013},{lat:50.85501185666597,lng:7.1653762776411085},{lat:50.867650739304246,lng:7.1470727269167185},{lat:50.868015123879,lng:7.147704202246857},	50.855194	7.165692	50.880469	7.129075
EDDM	08L	{lat:48.362498796085575,lng:11.767596814827801},{lat:48.36303520389542,lng:11.767503184679194},{lat:48.36509782963323,lng:11.794313239836114},{lat:48.36456140010082,lng:11.794406591420165},	48.362767	11.767550	48.366886	11.821172
EDDM	08R	{lat:48.34040080395566,lng:11.751063896510205},{lat:48.340937196025294,lng:11.750970102996325},{lat:48.34300431915647,lng:11.77776765694848},{lat:48.34246790533444,lng:11.777861172268752},	48.340669	11.751017	48.344797	11.804614
EDDM	26L	{lat:48.345065217746274,lng:11.804567381229905},{lat:48.34452878223489,lng:11.804660618279444},{lat:48.34246790533444,lng:11.777861172268752},{lat:48.34300431915647,lng:11.77776765694848},	48.344797	11.804614	48.340669	11.751017
EDDM	26R	{lat:48.36715422558652,lng:11.821125463283714},{lat:48.366617774394705,lng:11.8212185362261},{lat:48.36456140010082,lng:11.794406591420163},{lat:48.36509782963323,lng:11.794313239836113},	48.366886	11.821172	48.362767	11.767550
EGLL	09L	{lat:51.47726423080832,lng:-0.4894399425089402},{lat:51.47771376919164,lng:-0.48944405751133796},{lat:51.477810122394935,lng:-0.46136447639545525},{lat:51.477360583061994,lng:-0.46136063812880485},	51.477489	-0.489442	51.477675	-0.433283
EGLL	09R	{lat:51.46455623056992,lng:-0.48674501133860454},{lat:51.46500576943005,lng:-0.48674898868098637},{lat:51.4650932166645,lng:-0.46042540776873814},{lat:51.4646436769429,lng:-0.4604216897386565},	51.464781	-0.486747	51.464950	-0.434100
EGLL	27L	{lat:51.465174770262486,lng:-0.4341017293658161},{lat:51.46472522973749,lng:-0.43409827065122036},{lat:51.4646436769429,lng:-0.4604216897386566},{lat:51.4650932166645,lng:-0.460425407768738},	51.464950	-0.434100	51.464781	-0.486747
EGLL	27R	{lat:51.47789977010823,lng:-0.4332847807723548},{lat:51.47745022989174,lng:-0.433281219245196},{lat:51.477360583061994,lng:-0.46136063812880534},{lat:51.477810122394935,lng:-0.4613644763954546},	51.477675	-0.433283	51.477489	-0.489442
EKCH	04L	{lat:55.59206659110763,lng:12.603806403064471},{lat:55.59233340829739,lng:12.60326559509701},{lat:55.60447788395605,lng:12.622037762051773},{lat:55.60421098416284,lng:12.622578609743439},	55.592200	12.603536	55.616486	12.641092
EKCH	04R	{lat:55.60296653641444,lng:12.633317393636904},{lat:55.60323346299074,lng:12.632776604523137},{lat:55.614390213609134,lng:12.650038673815624},{lat:55.614123211087886,lng:12.650579499271073},	55.603100	12.633047	55.625411	12.667581
EKCH	12	{lat:55.626091075845075,lng:12.633045793409465},{lat:55.626430923841816,lng:12.633438208291889},{lat:55.61956430797528,lng:12.65208702129041},{lat:55.6192245195073,lng:12.651694513486216},	55.626261	12.633242	55.612525	12.670533
EKCH	22L	{lat:55.62554453895412,lng:12.667310568234202},{lat:55.62527746045108,lng:12.667851429923006},{lat:55.614123211087886,lng:12.65057949927107},{lat:55.614390213609134,lng:12.650038673815622},	55.625411	12.667581	55.603100	12.633047
EKCH	22R	{lat:55.61661949092269,lng:12.64082155543522},{lat:55.616352508482386,lng:12.641362442723182},{lat:55.60421098416284,lng:12.622578609743439},{lat:55.60447788395605,lng:12.622037762051773},	55.616486	12.641092	55.592200	12.603536
EKCH	30	{lat:55.612694864313504,lng:12.67072930113663},{lat:55.612355135373036,lng:12.670336700564063},{lat:55.6192245195073,lng:12.651694513486216},{lat:55.61956430797528,lng:12.652087021290411},	55.612525	12.670533	55.626261	12.633242
ENGM	01L	{lat:60.18494413015915,lng:11.074136190760195},{lat:60.185055868682745,lng:11.073351807905103},{lat:60.20058969725968,lng:11.082307395873698},{lat:60.200477905842554,lng:11.08309211952896},	60.185000	11.073744	60.216067	11.091664
ENGM	01R	{lat:60.17570002961633,lng:11.108175022399466},{lat:60.17581196922633,lng:11.107390976264504},{lat:60.18853819436213,lng:11.11473948705345},{lat:60.18842621136121,lng:11.11552381204587},	60.175756	11.107783	60.201208	11.122486
ENGM	19L	{lat:60.20126401263564,lng:11.122093697298917},{lat:60.20115198620602,lng:11.12287830136169},{lat:60.18842621136121,lng:11.11552381204587},{lat:60.18853819436213,lng:11.11473948705345},	60.201208	11.122486	60.175756	11.107783
ENGM	19R	{lat:60.21612292160375,lng:11.091271466943903},{lat:60.21601107723686,lng:11.092056531717288},{lat:60.200477905842554,lng:11.08309211952896},{lat:60.200589697259666,lng:11.082307395873698},	60.216067	11.091664	60.185000	11.073744
EPWA	11	{lat:52.171270591901994,lng:20.946561564716895},{lat:52.17167940790154,lng:20.946866436683873},{lat:52.16645584842328,lng:20.96548118983332},{lat:52.16604708041638,lng:20.96517618263912},	52.171475	20.946714	52.161025	20.983939
EPWA	15	{lat:52.17844439616501,lng:20.955517963090774},{lat:52.178699602562034,lng:20.956294039135738},{lat:52.16409474938557,lng:20.969061637447073},{lat:52.16383962675338,lng:20.968285742912627},	52.178572	20.955906	52.149361	20.981433
EPWA	29	{lat:52.16122935990259,lng:20.98409157185047},{lat:52.16082063990058,lng:20.983786429550676},{lat:52.16604708041638,lng:20.96517618263912},{lat:52.16645584842328,lng:20.96548118983332},	52.161025	20.983939	52.171475	20.946714
EPWA	33	{lat:52.14948851882945,lng:20.981820857652295},{lat:52.149233479898434,lng:20.981045144569382},{lat:52.16383962675338,lng:20.968285742912627},{lat:52.16409474938557,lng:20.969061637447073},	52.149361	20.981433	52.178572	20.955906
ESSA	01L	{lat:59.63721654098641,lng:17.913616759508805},{lat:59.63728945782736,lng:17.91282723963362},{lat:59.6518630794406,lng:17.918097283297627},{lat:59.6517901309239,lng:17.918887134690237},	59.637253	17.913222	59.666400	17.923767
ESSA	01R	{lat:59.62636045728253,lng:17.951138601596718},{lat:59.62643354153193,lng:17.950349397544453},{lat:59.637469614442836,lng:17.954347956979003},{lat:59.6373965061649,lng:17.955137411797136},	59.626397	17.950744	59.648469	17.958744
ESSA	08	{lat:59.65822232515277,lng:17.936231276262284},{lat:59.65861567477378,lng:17.936034722585042},{lat:59.66135645126233,lng:17.957544583642274},{lat:59.6609630694921,lng:17.95774090106388},	59.658419	17.936133	59.663897	17.979156
ESSA	19L	{lat:59.6485055655691,lng:17.958349146686746},{lat:59.64843243324437,lng:17.95913885245255},{lat:59.6373965061649,lng:17.955137411797136},{lat:59.637469614442836,lng:17.954347956979003},	59.648469	17.958744	59.626397	17.950744
ESSA	19R	{lat:59.666436489518354,lng:17.92337190795613},{lat:59.666363509294115,lng:17.924162091183828},{lat:59.6517901309239,lng:17.918887134690237},{lat:59.6518630794406,lng:17.918097283297627},	59.666400	17.923767	59.637253	17.913222
ESSA	26	{lat:59.66409370690557,lng:17.979057958905674},{lat:59.663700293021286,lng:17.979254039943978},{lat:59.6609630694921,lng:17.95774090106388},{lat:59.66135645126233,lng:17.957544583642274},	59.663897	17.979156	59.658419	17.936133
KSBD	06	{lat:34.090497864567034,lng:-117.25031864605819},{lat:34.0910141353325,lng:-117.25054135462086},{lat:34.09561512972985,lng:-117.23498565869268},{lat:34.095098830901975,lng:-117.23476303290445},	34.090756	-117.25043	34.099956	-117.219317
KSBD	24	{lat:34.10021416339219,lng:-117.2194282718266},{lat:34.099697836507474,lng:-117.21920572885233},{lat:34.095098830901975,lng:-117.23476303290448},{lat:34.09561512972985,lng:-117.2349856586927},	34.099956	-117.219317	34.090756	-117.25043
LEJR	02	{lat:36.73490118719028,lng:-6.064578244317844},{lat:36.735048812344715,lng:-6.065049756135503},{lat:36.744695914191105,lng:-6.06034637255934},{lat:36.744548270481424,lng:-6.059874810523688},	36.734975	-6.064814	36.754269	-6.055406
LEJR	20	{lat:36.75434283090408,lng:-6.055641806363463},{lat:36.754195168630645,lng:-6.055170194090413},{lat:36.744548270481424,lng:-6.059874810523688},{lat:36.744695914191105,lng:-6.06034637255934},	36.754269	-6.055406	36.734975	-6.064814
LFPG	08L	{lat:48.995483831400165,lng:2.552769203722096},{lat:48.995888168594355,lng:2.552718796073327},{lat:48.997398613329906,lng:2.5809280563329957},{lat:48.996994263875074,lng:2.580978236525469},	48.995686	2.552744	48.998700	2.609164
LFPG	08R	{lat:48.992644893740426,lng:2.5656944817576175},{lat:48.99318310624989,lng:2.565627517880665},{lat:48.99416657248945,lng:2.5840147540897025},{lat:48.99362834935499,lng:2.5840815206380174},	48.992914	2.565661	48.994878	2.602436
LFPG	09L	{lat:49.02444990365001,lng:2.52492568775283},{lat:49.02498809634016,lng:2.5248583118828316},{lat:49.025977064373365,lng:2.543258045571642},{lat:49.025438860987194,lng:2.543325223779345},	49.024719	2.524892	49.026694	2.561692
LFPG	09R	{lat:49.02041483980718,lng:2.51308337258501},{lat:49.02081916018729,lng:2.5130326272088697},{lat:49.02236020480196,lng:2.541649858556018},{lat:49.02195587190235,lng:2.54170037301216},	49.020617	2.513058	49.023692	2.570294
LFPG	26L	{lat:48.99514711685943,lng:2.602402715223541},{lat:48.99460888313098,lng:2.602469284416833},{lat:48.99362834935499,lng:2.584081520638016},{lat:48.99416657248944,lng:2.584014754089702},	48.994878	2.602436	48.992914	2.565661
LFPG	26R	{lat:48.99890218082763,lng:2.609139023553868},{lat:48.998497819166964,lng:2.6091889762433658},{lat:48.996994263875074,lng:2.580978236525469},{lat:48.997398613329906,lng:2.5809280563329966},	48.998700	2.609164	48.995686	2.552744
LFPG	27L	{lat:49.023894172678624,lng:2.5702688581539803},{lat:49.02348982731592,lng:2.57031914164174},{lat:49.02195587190235,lng:2.541700373012159},{lat:49.02236020480196,lng:2.541649858556018},	49.023692	2.570294	49.020617	2.513058
LFPG	27R	{lat:49.02696310702071,lng:2.5616585095594755},{lat:49.02642489296958,lng:2.5617254900782838},{lat:49.025438860987194,lng:2.5433252237793456},{lat:49.025977064373365,lng:2.5432580455716414},	49.026694	2.561692	49.024719	2.524892
LIMC	17L	{lat:45.65031776161759,lng:8.727551769968398},{lat:45.65042023712769,lng:8.728310230725445},{lat:45.633110821096345,lng:8.73309459522471},{lat:45.63300837724118,lng:8.73233636000968},	45.650369	8.727931	45.615750	8.737497
LIMC	17R	{lat:45.64540174607542,lng:8.71834580754709},{lat:45.645504252670115,lng:8.719104193146773},{lat:45.6281933366983,lng:8.723890058007177},{lat:45.62809086176544,lng:8.723131897902485},	45.645453	8.718725	45.610831	8.728294
LIMC	35L	{lat:45.61088222102327,lng:8.728672967748464},{lat:45.61077977772372,lng:8.727915032943724},{lat:45.62809086176544,lng:8.723131897902487},{lat:45.6281933366983,lng:8.723890058007179},	45.610831	8.728294	45.645453	8.718725
LIMC	35R	{lat:45.615801205487756,lng:8.737876005280128},{lat:45.61569879325901,lng:8.737117995412037},{lat:45.63300837724118,lng:8.73233636000968},{lat:45.633110821096345,lng:8.73309459522471},	45.615750	8.737497	45.650369	8.727931
LIRF	07	{lat:41.79913179651792,lng:12.232236550156756},{lat:41.79951220340456,lng:12.232047449281977},{lat:41.8046667296056,lng:12.250712495822853},{lat:41.80428629211713,lng:12.250901501093134},	41.799322	12.232142	41.809628	12.269475
LIRF	16L	{lat:41.845888594740146,lng:12.261147997689902},{lat:41.84604940422147,lng:12.261840003179774},{lat:41.8292870966014,lng:12.268857258374567},{lat:41.82912632923406,lng:12.268165416484054},	41.845969	12.261494	41.812444	12.275525
LIRF	16R	{lat:41.8154365137532,lng:12.226018196166732},{lat:41.8155974852097,lng:12.226709804702388},{lat:41.79883617781031,lng:12.233731059028855},{lat:41.79867524846265,lng:12.233039613775274},	41.815517	12.226364	41.781994	12.240403
LIRF	25	{lat:41.809818234001476,lng:12.269380544916942},{lat:41.80943776592113,lng:12.269569454522069},{lat:41.80428629211713,lng:12.250901501093134},{lat:41.8046667296056,lng:12.250712495822853},	41.809628	12.269475	41.799322	12.232142
LIRF	34L	{lat:41.782074443118766,lng:12.240748641479547},{lat:41.781913555845236,lng:12.24005735938769},{lat:41.79867524846265,lng:12.233039613775276},{lat:41.79883617781031,lng:12.23373105902886},	41.781994	12.240403	41.815517	12.226364
LIRF	34R	{lat:41.812524362125394,lng:12.275870839639797},{lat:41.81236363683732,lng:12.275179161227989},{lat:41.82912632923406,lng:12.26816541648405},{lat:41.8292870966014,lng:12.268857258374565},	41.812444	12.275525	41.845969	12.261494
LOWW	11	{lat:48.122631665677794,lng:16.533224852686626},{lat:48.12299633416841,lng:16.533491148258623},{lat:48.116114747548764,lng:16.554630537159007},{lat:48.1157501279027,lng:16.55436412722071},	48.122814	16.533358	48.109047	16.575631
LOWW	16	{lat:48.119727863723945,lng:16.577874588987353},{lat:48.1198381355343,lng:16.578459411640306},{lat:48.10426230697571,lng:16.585047325838563},{lat:48.10415206858461,lng:16.584462666290506},	48.119783	16.578167	48.088631	16.591339
LOWW	29	{lat:48.10922928531914,lng:16.57576426256331},{lat:48.10886471452678,lng:16.575497738382037},{lat:48.1157501279027,lng:16.55436412722071},{lat:48.116114747548764,lng:16.554630537159007},	48.109047	16.575631	48.122814	16.533358
LOWW	34	{lat:48.088686102129195,lng:16.591631248595434},{lat:48.08857589712977,lng:16.591046752030813},{lat:48.10415206858461,lng:16.584462666290506},{lat:48.10426230697571,lng:16.585047325838563},	48.088631	16.591339	48.119783	16.578167
LROP	08L	{lat:44.57642029625263,lng:26.08413014903114},{lat:44.576823703739436,lng:26.084069850759704},{lat:44.57847728896813,lng:26.105901305542655},{lat:44.57807387000913,lng:26.10596145406506},	44.576622	26.084100	44.579925	26.127764
LROP	08R	{lat:44.564459298325296,lng:26.076777170142606},{lat:44.564862701666755,lng:26.076716829648177},{lat:44.566518788508255,lng:26.09855678350552},{lat:44.56611537368215,lng:26.09861697425983},	44.564661	26.076747	44.567969	26.120428
LROP	26L	{lat:44.5681707131375,lng:26.12039797940386},{lat:44.567767286854625,lng:26.12045802038793},{lat:44.56611537368215,lng:26.098616974259837},{lat:44.566518788508255,lng:26.098556783505522},	44.567969	26.120428	44.564661	26.076747
LROP	26R	{lat:44.58012671519774,lng:26.127734000524285},{lat:44.57972328479441,lng:26.12779399926756},{lat:44.578073870009106,lng:26.105961454065064},{lat:44.57847728896811,lng:26.105901305542663},	44.579925	26.127764	44.576622	26.084100
LSZH	10	{lat:47.45867046641835,lng:8.53743941487216},{lat:47.45920753356663,lng:8.537522585552624},{lat:47.45803920913784,lng:8.554009035516605},{lat:47.45750215392329,lng:8.553925698286918},	47.458939	8.537481	47.456600	8.570453
LSZH	14	{lat:47.48289188799736,lng:8.53443939519453},{lat:47.48325811125319,lng:8.53502660685228},{lat:47.472367533742556,lng:8.549893678330458},{lat:47.4720013863855,lng:8.549306484769227},	47.483075	8.534733	47.461292	8.564461
LSZH	16	{lat:47.47560001590616,lng:8.535573874240033},{lat:47.47582798295373,lng:8.536298127331007},{lat:47.46075041883228,lng:8.54668302347244},{lat:47.46052251717009,lng:8.545958933082193},	47.475714	8.535936	47.445558	8.556700
LSZH	28	{lat:47.456868521621146,lng:8.570494752089918},{lat:47.45633147836371,lng:8.570411248336514},{lat:47.45750215392329,lng:8.553925698286918},{lat:47.45803920913784,lng:8.554009035516605},	47.456600	8.570453	47.458939	8.537481
LSZH	32	{lat:47.46147503537007,lng:8.564754588716909},{lat:47.461108963880505,lng:8.564167413327368},{lat:47.4720013863855,lng:8.549306484769227},{lat:47.47236753374254,lng:8.54989367833046},	47.461292	8.564461	47.483075	8.534733
LSZH	34	{lat:47.44567191759341,lng:8.557061964669124},{lat:47.4454440812674,lng:8.55633803689865},{lat:47.46052251717011,lng:8.54595893308219},{lat:47.4607504188323,lng:8.54668302347244},	47.445558	8.556700	47.475714	8.535936
NZAA	05R	{lat:-37.01722470777854,lng:174.76826401678375},{lat:-37.01684129216363,lng:174.76809798363516},{lat:-37.01165428478166,lng:174.78687972404114},{lat:-37.012037674227244,lng:174.7870458406112},	-37.017033	174.768181	-37.006656	174.805742
NZAA	23L	{lat:-37.00646431833701,lng:174.8056589002374},{lat:-37.006847681605066,lng:174.80582510018166},{lat:-37.012037674227244,lng:174.7870458406112},{lat:-37.01165428478166,lng:174.78687972404114},	-37.006656	174.805742	-37.017033	174.768181
OEJN	16C	{lat:21.694976036422236,lng:39.15127118206046},{lat:21.69516196313156,lng:39.151816818291756},{lat:21.678216586128062,lng:39.15850407661451},{lat:21.678030681285044,lng:39.15795849592516},	21.695069	39.151544	21.661178	39.164917
OEJN	16L	{lat:21.70034909928302,lng:39.16685514707847},{lat:21.700534900270576,lng:39.16740085327364},{lat:21.68358602315561,lng:39.174084611538255},{lat:21.683400244030057,lng:39.173538960932035},	21.700442	39.167128	21.666544	39.180494
OEJN	16R	{lat:21.70266300287427,lng:39.126608180739574},{lat:21.70284899667941,lng:39.12715381961291},{lat:21.686750107320606,lng:39.133510003384636},{lat:21.686564134305595,lng:39.132964417294076},	21.702756	39.126881	21.670558	39.139592
OEJN	34C	{lat:21.661270941276147,lng:39.16518976277459},{lat:21.66108505827839,lng:39.16464423757687},{lat:21.678030681285044,lng:39.15795849592516},{lat:21.678216586128062,lng:39.15850407661451},	21.661178	39.164917	21.695069	39.151544
OEJN	34L	{lat:21.670650975899136,lng:39.13986476685247},{lat:21.670465023655236,lng:39.13931923349929},{lat:21.686564134305595,lng:39.132964417294076},{lat:21.68675010732061,lng:39.133510003384636},	21.670558	39.139592	21.702756	39.126881
OEJN	34R	{lat:21.66663687841947,lng:39.1807667977095},{lat:21.666451121134866,lng:39.18022120264187},{lat:21.683400244030064,lng:39.173538960932035},{lat:21.68358602315562,lng:39.174084611538255},	21.666544	39.180494	21.700442	39.167128
OEMA	17	{lat:24.57635478468647,lng:39.70302249196469},{lat:24.576457214752576,lng:39.70360550827365},{lat:24.55725026179049,lng:39.707685090074456},{lat:24.557147847419856,lng:39.70710215976821},	24.576406	39.703314	24.537992	39.711472
OEMA	18	{lat:24.563519550154165,lng:39.70371645007661},{lat:24.563492449510132,lng:39.704167549874626},{lat:24.549754954276185,lng:39.70316991602919},{lat:24.549782051951407,lng:39.70271886543239},	24.563506	39.703942	24.536031	39.701947
OEMA	35	{lat:24.538043199065704,lng:39.711763422314334},{lat:24.537940800374315,lng:39.71118057792344},{lat:24.55714784741986,lng:39.70710215976821},{lat:24.557250261790493,lng:39.707685090074456},	24.537992	39.711472	24.576406	39.703314
OEMA	36	{lat:24.536017452478045,lng:39.70217250069171},{lat:24.536044547186684,lng:39.70172149925962},{lat:24.549782051951407,lng:39.70271886543239},{lat:24.549754954276185,lng:39.70316991602919},	24.536031	39.701947	24.563506	39.703942
OIIE	11L	{lat:35.42514705065697,lng:51.12211651820444},{lat:35.42553094928964,lng:51.122277482179136},{lat:35.419436907551926,lng:51.144157183620116},{lat:35.4190530379597,lng:51.143996127560456},	35.425339	51.122197	35.413147	51.165953
OIIE	11R	{lat:35.42349404925135,lng:51.12143052490468},{lat:35.42387795069524,lng:51.121591475478844},{lat:35.417938310822265,lng:51.14291809293008},{lat:35.41755443768164,lng:51.142757052601304},	35.423686	51.121511	35.411803	51.164161
OIIE	29L	{lat:35.41199492238715,lng:51.16424156520543},{lat:35.41161107755934,lng:51.16408043517832},{lat:35.41755443768164,lng:51.142757052601304},{lat:35.417938310822265,lng:51.14291809293008},	35.411803	51.164161	35.423686	51.121511
OIIE	29R	{lat:35.413338920244094,lng:51.166033574234596},{lat:35.412955079702385,lng:51.1658724261492},{lat:35.4190530379597,lng:51.143996127560456},{lat:35.419436907551926,lng:51.144157183620116},	35.413147	51.165953	35.425339	51.122197
OMDB	12L	{lat:25.266513797450294,lng:55.346443979378726},{lat:25.266974202385708,lng:55.346756021213025},{lat:25.25675182775144,lng:55.365195095096105},{lat:25.256291461575735,lng:55.364883009619696},	25.266744	55.346600	25.246297	55.383475
OMDB	12R	{lat:25.255963791384545,lng:55.3581550038774},{lat:25.256424208451563,lng:55.358466996713965},{lat:25.24597538431399,lng:55.37731463981747},{lat:25.2455150068472,lng:55.37700260238716},	25.256194	55.358311	25.235294	55.396003
OMDB	30L	{lat:25.235524168857864,lng:55.39615904128273},{lat:25.23506383097824,lng:55.395846959308145},{lat:25.2455150068472,lng:55.37700260238716},{lat:25.24597538431399,lng:55.37731463981747},	25.235294	55.396003	25.256194	55.358311
OMDB	30R	{lat:25.24652716363226,lng:55.38363106483119},{lat:25.246066836203752,lng:55.38331893576005},{lat:25.256291461575735,lng:55.364883009619696},{lat:25.25675182775144,lng:55.365195095096105},	25.246297	55.383475	25.266744	55.346600
OOMS	08L	{lat:23.605639032554844,lng:58.25799476386286},{lat:23.606176967440906,lng:58.25794323603145},{lat:23.607746191636856,lng:58.27746954223651},{lat:23.607208250312013,lng:58.27752099056464},	23.605908	58.257969	23.609044	58.297022
OOMS	26R	{lat:23.60931297387496,lng:58.296996315540234},{lat:23.60877502612081,lng:58.29704768435437},{lat:23.60720825031201,lng:58.27752099056464},{lat:23.60774619163685,lng:58.27746954223651},	23.609044	58.297022	23.605908	58.257969
OPIS	10L	{lat:33.55285063877421,lng:72.80642709109979},{lat:33.55324936120957,lng:72.80651690910746},{lat:33.55021486462194,lng:72.8259026334252},{lat:33.54981615619075,lng:72.82581272910882},	33.553050	72.806472	33.546978	72.845242
OPIS	10R	{lat:33.55092363454665,lng:72.80599822071066},{lat:33.55145436542462,lng:72.80611777965652},{lat:33.5484198662442,lng:72.82550201815233},{lat:33.547889154005574,lng:72.82538234434027},	33.551189	72.806058	33.545117	72.844825
OPIS	28L	{lat:33.54538234677736,lng:72.84488489450604},{lat:33.5448516531938,lng:72.84476510586175},{lat:33.54788915400559,lng:72.82538234434027},{lat:33.54841986624422,lng:72.82550201815233},	33.545117	72.844825	33.551189	72.806058
OPIS	28R	{lat:33.54717734719946,lng:72.84528699540357},{lat:33.54677865278427,lng:72.84519700480404},{lat:33.54981615619075,lng:72.82581272910882},{lat:33.55021486462195,lng:72.8259026334252},	33.546978	72.845242	33.553050	72.806472
OPKC	07L	{lat:24.90449466531895,lng:67.14756734883966},{lat:24.904893334655956,lng:67.14744465096217},{lat:24.908754116401003,lng:67.16269669651938},{lat:24.908355434590348,lng:67.16281934895783},	24.904694	67.147506	24.912414	67.178011
OPKC	07R	{lat:24.900401684923043,lng:67.14271636175552},{lat:24.900792315052673,lng:67.14259563805346},{lat:24.90491019632202,lng:67.15879512122426},{lat:24.904519553158714,lng:67.15891579767982},	24.900597	67.142656	24.908831	67.175056
OPKC	25L	{lat:24.909026328085034,lng:67.17499568530862},{lat:24.908635671890707,lng:67.17511631450041},{lat:24.904519553158703,lng:67.15891579767982},{lat:24.90491019632201,lng:67.15879512122426},	24.908831	67.175056	24.900597	67.142656
OPKC	25R	{lat:24.912613347128413,lng:67.17794969640903},{lat:24.912214652846522,lng:67.17807230339285},{lat:24.908355434590348,lng:67.16281934895783},{lat:24.908754116401003,lng:67.16269669651938},	24.912414	67.178011	24.904694	67.147506
OPLA	18L	{lat:31.536653162549264,lng:74.404601209993},{lat:31.536646836992112,lng:74.40508678999053},{lat:31.521557837787782,lng:74.40481620708513},{lat:31.521564162323017,lng:74.40433070551659},	31.536650	74.404844	31.506472	74.404303
OPLA	18R	{lat:31.53392015383614,lng:74.4025882169436},{lat:31.53391384570526,lng:74.40307378304003},{lat:31.521552346312752,lng:74.40285272167279},{lat:31.521558653608764,lng:74.4023672198242},	31.533917	74.402831	31.509194	74.402389
OPLA	36L	{lat:31.509190846540086,lng:74.40263171881199},{lat:31.509197153001764,lng:74.40214628117164},{lat:31.521558653608764,lng:74.4023672198242},{lat:31.521552346312752,lng:74.40285272167279},	31.509194	74.402389	31.533917	74.402831
OPLA	36R	{lat:31.50646883801391,lng:74.40454571159107},{lat:31.506475161527995,lng:74.4040602883925},{lat:31.52156416232301,lng:74.40433070551659},{lat:31.521557837787775,lng:74.40481620708513},	31.506472	74.404303	31.536650	74.404844
RCTP	05L	{lat:25.07269019149669,lng:121.2161815195715},{lat:25.073097808247198,lng:121.21579047977771},{lat:25.083899957691834,lng:121.22951727395632},{lat:25.083492304976485,lng:121.22990830254804},	25.072894	121.215986	25.094497	121.243442
RCTP	05R	{lat:25.06063520697154,lng:121.22369251998956},{lat:25.061042792772447,lng:121.22330147936006},{lat:25.072257491453566,lng:121.23754868048343},{lat:25.071849868337146,lng:121.23793970950568},	25.060839	121.223497	25.083267	121.251994
RCTP	23L	{lat:25.083470830096857,lng:121.2517984909791},{lat:25.083063169646998,lng:121.25218950836975},{lat:25.071849868337146,lng:121.23793970950565},{lat:25.072257491453566,lng:121.2375486804834},	25.083267	121.251994	25.060839	121.223497
RCTP	23R	{lat:25.094700844220302,lng:121.24324649099073},{lat:25.094293155523474,lng:121.2436375083578},{lat:25.083492304976485,lng:121.22990830254805},{lat:25.083899957691834,lng:121.22951727395633},	25.094497	121.243442	25.072894	121.215986
RJAA	16L	{lat:35.80506411019609,lng:140.3778222763176},{lat:35.805335889127875,lng:140.37839372466004},{lat:35.79562757642876,lng:140.38541255926128},{lat:35.79535583070817,lng:140.38484115674007},	35.805200	140.378108	35.785783	140.392144
RJAA	16R	{lat:35.77425310076559,lng:140.36800639388605},{lat:35.77452489855914,lng:140.3685776070902},{lat:35.75899189330818,lng:140.37980326172135},{lat:35.7587201485874,lng:140.37923212170352},	35.774389	140.368292	35.743322	140.390739
RJAA	34L	{lat:35.74345784550525,lng:140.39102453391607},{lat:35.74318615382009,lng:140.3904534670584},{lat:35.7587201485874,lng:140.3792321217035},{lat:35.75899189330818,lng:140.37980326172135},	35.743322	140.390739	35.774389	140.368292
RJAA	34R	{lat:35.7859188559241,lng:140.39242967884343},{lat:35.7856471434002,lng:140.39185832213317},{lat:35.79535583070817,lng:140.38484115674007},{lat:35.79562757642876,lng:140.38541255926128},	35.785783	140.392144	35.805200	140.378108
RJBB	06L	{lat:34.42836261750203,lng:135.20640967140827},{lat:34.42878138215032,lng:135.20599632755633},{lat:34.440132574396124,lng:135.22290354484113},{lat:34.43971375286472,lng:135.22331686010847},	34.428572	135.206203	34.451272	135.240022
RJBB	06R	{lat:34.41716857722857,lng:135.22948458376084},{lat:34.41758742242412,lng:135.22907141520443},{lat:34.42751583802217,lng:135.24386417073208},{lat:34.42709694308635,lng:135.24427731424004},	34.417378	135.229278	34.437233	135.258867
RJBB	24L	{lat:34.43744247217212,lng:135.25866044027623},{lat:34.437023527480555,lng:135.25907355868821},{lat:34.427096943086354,lng:135.24427731424004},{lat:34.427515838022174,lng:135.24386417073208},	34.437233	135.258867	34.417378	135.229278
RJBB	24R	{lat:34.45148143904353,lng:135.2398153561715},{lat:34.4510625606088,lng:135.24022864279212},{lat:34.43971375286472,lng:135.22331686010847},{lat:34.440132574396124,lng:135.22290354484113},	34.451272	135.240022	34.428572	135.206203
RJCC	01L	{lat:42.76167360904663,lng:141.6931897234001},{lat:42.761604389796084,lng:141.69246027700737},{lat:42.77500140652799,lng:141.69010120987008},{lat:42.77507064075103,lng:141.69083081140923},	42.761639	141.692825	42.788433	141.688106
RJCC	01R	{lat:42.76202058930157,lng:141.69682272891774},{lat:42.761951409541076,lng:141.69609327148953},{lat:42.775341926229544,lng:141.69373670360412},{lat:42.775411120946906,lng:141.69446631611072},	42.761986	141.696458	42.788767	141.691744
RJCC	19L	{lat:42.78873239457857,lng:141.6913791163595},{lat:42.788801604263,lng:141.69210888404845},{lat:42.77541112094691,lng:141.69446631611072},{lat:42.77534192622954,lng:141.69373670360412},	42.788767	141.691744	42.761986	141.696458
RJCC	19R	{lat:42.78839837481794,lng:141.68774112180932},{lat:42.788467624023674,lng:141.6884708785989},{lat:42.77507064075103,lng:141.69083081140926},{lat:42.77500140652799,lng:141.6901012098701},	42.788433	141.688106	42.761639	141.692825
RJFF	16	{lat:33.59678541255441,lng:130.442904304793},{lat:33.59705258680722,lng:130.4434676960796},{lat:33.58607679602427,lng:130.45096862592465},{lat:33.58580965576271,lng:130.45040528308698},	33.596919	130.443186	33.574967	130.458186
RJFF	34	{lat:33.57510055282472,lng:130.45846764763735},{lat:33.57483344653736,lng:130.4579043532342},{lat:33.58580965576271,lng:130.45040528308698},{lat:33.58607679602427,lng:130.45096862592462},	33.574967	130.458186	33.596919	130.443186
RJGG	18	{lat:34.87383974441046,lng:136.8013521179654},{lat:34.87394425473601,lng:136.80199788244508},{lat:34.858469301525815,lng:136.80571802378873},{lat:34.858364810865105,lng:136.80507237609018},	34.873892	136.801675	34.842942	136.809114
RJGG	36	{lat:34.84299423507908,lng:136.80943676570638},{lat:34.84288976406834,lng:136.80879123470334},{lat:34.858364810865105,lng:136.80507237609012},{lat:34.858469301525815,lng:136.80571802378867},	34.842942	136.809114	34.873892	136.801675
RJNK	06	{lat:36.38686612024666,lng:136.39522623899077},{lat:36.38719987958232,lng:136.39493976039432},{lat:36.394096535400976,lng:136.40734017409844},{lat:36.393762746455245,lng:136.40762662486804},	36.387033	136.395083	36.400825	136.419886
RJNK	24	{lat:36.400991909194694,lng:136.4197427882352},{lat:36.400658090634316,lng:136.42002921114963},{lat:36.393762746455224,lng:136.40762662486807},{lat:36.394096535400955,lng:136.40734017409844},	36.400825	136.419886	36.387033	136.395083
RJOA	10	{lat:34.43575088677849,lng:132.9031250535313},{lat:34.43629911322151,lng:132.90312494646832},{lat:34.43630019717516,lng:132.9194445},{lat:34.43575197072503,lng:132.9194445},	34.436025	132.903125	34.436025	132.935764
RJOA	28	{lat:34.43629911322151,lng:132.9357640535317},{lat:34.43575088677849,lng:132.9357639464687},{lat:34.43575197072503,lng:132.9194445},{lat:34.43630019717516,lng:132.9194445},	34.436025	132.935764	34.436025	132.903125
RJSK	10	{lat:39.61667079853874,lng:140.2041655943125},{lat:39.61720720144725,lng:140.2042464060006},{lat:39.615913592640474,lng:140.21870623168175},{lat:39.61537719975653,lng:140.21862530945143},	39.616939	140.204206	39.614350	140.233125
RJSK	28	{lat:39.614618191416035,lng:140.23316551653548},{lat:39.614081808569885,lng:140.23308448377847},{lat:39.61537719975653,lng:140.21862530945143},{lat:39.615913592640474,lng:140.21870623168175},	39.614350	140.233125	39.616939	140.204206
RJSN	04	{lat:37.948151113169544,lng:139.1148906209147},{lat:37.94836488642594,lng:139.1144533784492},{lat:37.953396960011275,lng:139.118410098172},{lat:37.9531831721118,lng:139.11884735907353},	37.948258	139.114672	37.958322	139.122586
RJSN	10	{lat:37.95664137923995,lng:139.0956069394651},{lat:37.9570466207588,lng:139.09563106060142},{lat:37.95651997368844,lng:139.10983970175215},{lat:37.95611473507521,lng:139.1098155023969},	37.956844	139.095619	37.955789	139.124036
RJSN	22	{lat:37.958428901070604,lng:139.12236736001228},{lat:37.958215098524775,lng:139.12280463935124},{lat:37.9531831721118,lng:139.11884735907353},{lat:37.953396960011275,lng:139.118410098172},	37.958322	139.122586	37.948258	139.114672
RJSN	28	{lat:37.955991617848504,lng:139.12404813881838},{lat:37.95558638215025,lng:139.1240238612486},{lat:37.95611473507521,lng:139.1098155023969},{lat:37.95651997368844,lng:139.10983970175215},	37.955789	139.124036	37.956844	139.095619
RJSS	09	{lat:38.13857088307863,lng:140.8987555807123},{lat:38.1389731169118,lng:140.8986884191025},{lat:38.14072434201226,lng:140.91565505812724},{lat:38.140322098525424,lng:140.91572212781884},	38.138772	140.898722	38.142272	140.932656
RJSS	12	{lat:38.139278553541324,lng:140.91462675278927},{lat:38.13963744633609,lng:140.91486724780216},{lat:38.13712509581877,lng:140.92092746720766},{lat:38.13676621538011,lng:140.92068695067013},	38.139458	140.914747	38.134433	140.926867
RJSS	27	{lat:38.14247312655918,lng:140.93262251102948},{lat:38.1420708734313,lng:140.9326894887859},{lat:38.140322098525424,lng:140.9157221278189},{lat:38.14072434201226,lng:140.9156550581273},	38.142272	140.932656	38.138772	140.898722
RJSS	30	{lat:38.13461243397997,lng:140.9269872693234},{lat:38.13425356589741,lng:140.92674673126797},{lat:38.13676621538011,lng:140.9206869506702},{lat:38.13712509581877,lng:140.92092746720772},	38.134433	140.926867	38.139458	140.914747
RJTT	04	{lat:35.54886442847574,lng:139.76155009112875},{lat:35.54917357091305,lng:139.76100590782224},{lat:35.55839784753353,lng:139.76892298057936},{lat:35.55808866952325,lng:139.7694671959713},	35.549019	139.761278	35.567467	139.777114
RJTT	05	{lat:35.523820793985905,lng:139.80370882083062},{lat:35.52418520551939,lng:139.8032191780577},{lat:35.532482583244544,lng:139.81254320956847},{lat:35.53211813402758,lng:139.8130328606265},	35.524003	139.803464	35.540597	139.822114
RJTT	16L	{lat:35.565762040776825,lng:139.78626551730824},{lat:35.566031958540705,lng:139.78684048366017},{lat:35.552930792879394,lng:139.7961334707604},{lat:35.55266091923209,lng:139.79555856709294},	35.565897	139.786553	35.539694	139.805136
RJTT	16R	{lat:35.55985093495206,lng:139.76877961362482},{lat:35.56012106436598,lng:139.7693543873438},{lat:35.54842832911323,lng:139.7776565699455},{lat:35.5481582390968,lng:139.7770818520839},	35.559986	139.769067	35.536600	139.785669
RJTT	22	{lat:35.56762160649296,lng:139.77684187573598},{lat:35.567312392895516,lng:139.7773861232139},{lat:35.55808866952325,lng:139.76946719597126},{lat:35.55839784753353,lng:139.76892298057933},	35.567467	139.777114	35.549019	139.761278
RJTT	23	{lat:35.540779243208895,lng:139.8218691697792},{lat:35.54041475629627,lng:139.82235882910823},{lat:35.53211813402756,lng:139.8130328606265},{lat:35.53248258324453,lng:139.8125432095685},	35.540597	139.822114	35.524003	139.803464
RJTT	34L	{lat:35.536735024979116,lng:139.78595633149374},{lat:35.536464974339374,lng:139.78538166947362},{lat:35.5481582390968,lng:139.7770818520839},{lat:35.54842832911323,lng:139.7776565699455},	35.536600	139.785669	35.559986	139.769067
RJTT	34R	{lat:35.53982891443744,lng:139.805423420985},{lat:35.53955908488058,lng:139.80484857998195},{lat:35.55266091923209,lng:139.79555856709294},{lat:35.552930792879394,lng:139.7961334707604},	35.539694	139.805136	35.565897	139.786553
RKPK	18L	{lat:35.194034455756366,lng:128.93717481431992},{lat:35.194077543729094,lng:128.93767518581276},{lat:35.18178555078813,lng:128.9392598880237},{lat:35.18174246933285,lng:128.9387595913764},	35.194056	128.937425	35.169472	128.940594
RKPK	18R	{lat:35.19384322657513,lng:128.93479442602808},{lat:35.19390077251017,lng:128.93546157420823},{lat:35.179560781520834,lng:128.93731334264484},{lat:35.1795032457398,lng:128.93664631087222},	35.193872	128.935128	35.165192	128.938831
RKPK	36L	{lat:35.16522076236022,lng:128.93916445784123},{lat:35.165163236726045,lng:128.93849754239466},{lat:35.1795032457398,lng:128.93664631087225},{lat:35.179560781520834,lng:128.9373133426449},	35.165192	128.938831	35.193872	128.935128
RKPK	36R	{lat:35.169493537213846,lng:128.9408441109896},{lat:35.169450462272074,lng:128.9403438891429},{lat:35.18174246933286,lng:128.9387595913764},{lat:35.18178555078814,lng:128.9392598880237},	35.169472	128.940594	35.194056	128.937425
RKSI	15L	{lat:37.48378825822536,lng:126.43987805421993},{lat:37.484099741123536,lng:126.44043394693885},{lat:37.47031884551631,lng:126.45269418121944},{lat:37.470007420052056,lng:126.45213833990901},	37.483944	126.440156	37.456381	126.464672
RKSI	15R	{lat:37.48163325476073,lng:126.43606106531952},{lat:37.48194474458823,lng:126.43661693583914},{lat:37.4681633490204,lng:126.4488776701216},{lat:37.46785191662568,lng:126.44832185100289},	37.481789	126.436339	37.454225	126.460856
RKSI	16	{lat:37.472652194219485,lng:126.41529415260227},{lat:37.47296380512994,lng:126.41584984855608},{lat:37.45826749507097,lng:126.42893039141846},{lat:37.45795594540867,lng:126.42837475017934},	37.472808	126.415572	37.443414	126.441728
RKSI	33L	{lat:37.4543806871726,lng:126.46113388443608},{lat:37.45406931217677,lng:126.46057811672081},{lat:37.46785191662568,lng:126.44832185100289},{lat:37.4681633490204,lng:126.4488776701216},	37.454225	126.460856	37.481789	126.436339
RKSI	33R	{lat:37.456536683706794,lng:126.46494989552818},{lat:37.45622531564253,lng:126.46439410562878},{lat:37.470007420052056,lng:126.45213833990898},{lat:37.47031884551631,lng:126.45269418121943},	37.456381	126.464672	37.483944	126.440156
RKSI	34	{lat:37.443569743901286,lng:126.44200579383896},{lat:37.44325825544858,lng:126.44145020731754},{lat:37.45795594540867,lng:126.42837475017934},{lat:37.45826749507097,lng:126.42893039141846},	37.443414	126.441728	37.472808	126.415572
ROAH	18L	{lat:26.209333461971855,lng:127.64500711158236},{lat:26.209350537675256,lng:127.6454588884508},{lat:26.195824038077284,lng:127.64609393600745},{lat:26.195806964357622,lng:127.64564221153022},	26.209342	127.645233	26.182289	127.646503
ROAH	18R	{lat:26.203044596140018,lng:127.63209934227726},{lat:26.203067403234936,lng:127.63270065778168},{lat:26.19089240317971,lng:127.63327418634793},{lat:26.190869598469057,lng:127.63267293359303},	26.203056	127.632400	26.178706	127.633547
ROAH	36L	{lat:26.178717400851767,lng:127.6338475950522},{lat:26.178694598523848,lng:127.63324640500662},{lat:26.190869598469057,lng:127.63267293359303},{lat:26.19089240317971,lng:127.63327418634793},	26.178706	127.633547	26.203056	127.632400
ROAH	36R	{lat:26.182297535692435,lng:127.64672883607818},{lat:26.182280463955102,lng:127.64627716395492},{lat:26.195806964357626,lng:127.64564221153022},{lat:26.195824038077287,lng:127.64609393600745},	26.182289	127.646503	26.209342	127.645233
RPLC	02	{lat:15.174270537318291,lng:120.5581052922664},{lat:15.17446346238068,lng:120.55758270749499},{lat:15.187960531699055,lng:120.56293235111187},{lat:15.18776759430468,lng:120.56345496439943},	15.174367	120.557844	15.201361	120.568544
RPLC	20	{lat:15.201457474718472,lng:120.56828267896498},{lat:15.20126452497994,lng:120.5688053207959},{lat:15.18776759430468,lng:120.56345496439938},{lat:15.187960531699055,lng:120.56293235111184},	15.201361	120.568544	15.174367	120.557844
RPLL	06	{lat:14.497532841457547,lng:121.00013584815255},{lat:14.498001158460896,lng:120.999858151554},{lat:14.50636964717296,lng:121.0149160932023},{lat:14.50590131247703,lng:121.01519376845599},	14.497767	120.999997	14.514503	121.030114
RPLL	13	{lat:14.523132294806443,lng:121.0042699924188},{lat:14.523411705105687,lng:121.00455800776314},{lat:14.517050792900179,lng:121.01114269706387},{lat:14.516771390634688,lng:121.01085468168445},	14.523272	121.004414	14.510550	121.017583
RPLL	24	{lat:14.514737176158093,lng:121.02997517290791},{lat:14.514268823760291,lng:121.03025282679828},{lat:14.50590131247703,lng:121.01519376845599},{lat:14.50636964717296,lng:121.0149160932023},	14.514503	121.030114	14.497767	120.999997
RPLL	31	{lat:14.510689697073804,lng:121.01772700779766},{lat:14.510410302838396,lng:121.01743899238407},{lat:14.516771390634688,lng:121.01085468168445},{lat:14.517050792900179,lng:121.01114269706387},	14.510550	121.017583	14.523272	121.004414
UUDD	14	{lat:55.42448152653057,lng:37.91145034385953},{lat:55.42478647221205,lng:37.91223565917266},{lat:55.41068909430718,lng:37.929226145237145},{lat:55.41038425744031,lng:37.92844097902667},	55.424634	37.911843	55.396437	37.945812
UUDD	14L	{lat:55.416816569060785,lng:37.91500696411844},{lat:55.417085429956934,lng:37.91570103824366},{lat:55.408298354869515,lng:37.92626334545058},{lat:55.40802955376581,lng:37.92556935381698},	55.416951	37.915354	55.399376	37.936474
UUDD	14R	{lat:55.42090969011348,lng:37.871756182302136},{lat:55.42121430862804,lng:37.87254182072765},{lat:55.40824325149032,lng:37.88814937407719},{lat:55.40793873297931,lng:37.887363873258295},	55.421062	37.872149	55.395118	37.903354
UUDD	32	{lat:55.396589363436654,lng:37.9462045100391},{lat:55.39628463530646,lng:37.94541949298658},{lat:55.41038425744031,lng:37.92844097902667},{lat:55.41068909430718,lng:37.929226145237145},	55.396437	37.945812	55.424634	37.911843
UUDD	32L	{lat:55.39527020865769,lng:37.90374668309503},{lat:55.39496579008429,lng:37.90296131992877},{lat:55.40793873297931,lng:37.887363873258295},{lat:55.40824325149032,lng:37.88814937407719},	55.395118	37.903354	55.421062	37.872149
UUDD	32R	{lat:55.399510370177985,lng:37.93682095574121},{lat:55.39924162883998,lng:37.93612704661773},{lat:55.40802955376581,lng:37.92556935381698},{lat:55.408298354869515,lng:37.92626334545058},	55.399376	37.936474	55.416951	37.915354
VAAH	05	{lat:23.06581581134804,lng:72.62256323527846},{lat:23.066100188496414,lng:72.6222487643892},{lat:23.077355155509117,lng:72.63427375747231},{lat:23.077070754565355,lng:72.63458822925058},	23.065958	72.622406	23.088467	72.646458
VAAH	23	{lat:23.088609212298255,lng:72.64630076350397},{lat:23.088324787546075,lng:72.6466152361633},{lat:23.077070754565355,lng:72.63458822925058},{lat:23.077355155509117,lng:72.63427375747231},	23.088467	72.646458	23.065958	72.622406
VABB	09	{lat:19.088167399964096,lng:72.84791531314426},{lat:19.088704600035804,lng:72.84790668684174},{lat:19.08893882433111,lng:72.86429019030881},{lat:19.088401623499436,lng:72.8642987634656},	19.088436	72.847911	19.088903	72.880678
VABB	14	{lat:19.098373748059892,lng:72.85704416356205},{lat:19.09866425181896,lng:72.857343836701},{lat:19.089641002635496,lng:72.86713887096155},{lat:19.08935051471302,lng:72.86683919696836},	19.098519	72.857194	19.080472	72.876783
VABB	27	{lat:19.089171600793424,lng:72.8806737399881},{lat:19.088634399206473,lng:72.88068225999807},{lat:19.088401623499443,lng:72.8642987634656},{lat:19.088938824331116,lng:72.86429019030881},	19.088903	72.880678	19.088436	72.847911
VABB	32	{lat:19.080617235986423,lng:72.87693283755297},{lat:19.080326763892515,lng:72.87663316270978},{lat:19.08935051471302,lng:72.86683919696836},{lat:19.089641002635496,lng:72.86713887096154},	19.080472	72.876783	19.098519	72.857194
VCBI	04	{lat:7.169066237726165,lng:79.87474874999754},{lat:7.16931176221659,lng:79.87442324991471},{lat:7.181339357399227,lng:79.88363950433161},{lat:7.181093826420263,lng:79.88396500804453},	7.169189	79.874586	7.193244	79.893019
VCBI	22	{lat:7.1933667687105665,lng:79.89285624628161},{lat:7.193121231232,lng:79.89318175363036},{lat:7.181093826420263,lng:79.88396500804453},{lat:7.181339357399227,lng:79.88363950433161},	7.193244	79.893019	7.169189	79.874586
VDPP	05	{lat:11.53692715923386,lng:104.83442293806159},{lat:11.53721684069429,lng:104.8341330617888},{lat:11.546675511521174,lng:104.84397972988648},{lat:11.546385820294741,lng:104.84426960576505},	11.537072	104.834278	11.555989	104.853972
VDPP	23	{lat:11.556133850464343,lng:104.85382706218375},{lat:11.555844149463695,lng:104.85411693766639},{lat:11.54638582029474,lng:104.84426960576506},{lat:11.546675511521173,lng:104.84397972988648},	11.555989	104.853972	11.537072	104.834278
VEBN	09	{lat:25.452583456724795,lng:82.84829377619965},{lat:25.4529885432742,lng:82.84831822384145},{lat:25.452317171387627,lng:82.86194982280294},{lat:25.451912087097426,lng:82.86192532942664},	25.452786	82.848306	25.451442	82.875569
VEBN	27	{lat:25.45164454101291,lng:82.87558126957471},{lat:25.45123945898606,lng:82.87555673046657},{lat:25.451912087097426,lng:82.86192532942667},{lat:25.452317171387627,lng:82.86194982280297},	25.451442	82.875569	25.452786	82.848306
VECC	01L	{lat:22.636309204478707,lng:88.44376850136649},{lat:22.636352795225285,lng:88.44333149856419},{lat:22.65103430672537,lng:88.4450507916129},{lat:22.65099071131904,lng:88.44548784058405},	22.636331	88.443550	22.665694	88.446989
VECC	01R	{lat:22.642186204548644,lng:88.44654051072226},{lat:22.642229795155263,lng:88.4461034892084},{lat:22.658536809061555,lng:88.44801323662513},{lat:22.658493213277552,lng:88.44845030943888},	22.642208	88.446322	22.674822	88.450142
VECC	19L	{lat:22.674843800334784,lng:88.44992343788499},{lat:22.674800199368647,lng:88.45036056204553},{lat:22.658493213277552,lng:88.4484503094389},{lat:22.65853680906155,lng:88.44801323662513},	22.674822	88.450142	22.642208	88.446322
VECC	19R	{lat:22.665715799886744,lng:88.44677045237628},{lat:22.665672199816814,lng:88.44720754755427},{lat:22.650990711319036,lng:88.44548784058406},{lat:22.651034306725368,lng:88.44505079161293},	22.665694	88.446989	22.636331	88.443550
VEGY	10	{lat:24.746396943183843,lng:84.93954702937569},{lat:24.74679105679754,lng:84.93965297079224},{lat:24.744355453128986,lng:84.95063670238703},{lat:24.743961347237022,lng:84.95053072822411},	24.746594	84.939600	24.741722	84.961567
VEGY	28	{lat:24.74191904907503,lng:84.96162000353513},{lat:24.741524950906328,lng:84.96151399663287},{lat:24.743961347237022,lng:84.95053072822411},{lat:24.744355453128986,lng:84.95063670238703},	24.741722	84.961567	24.746594	84.939600
VGHS	14	{lat:23.854911797843208,lng:90.38832654637977},{lat:23.85515020194889,lng:90.38868545395044},{lat:23.843468468772887,lng:90.39796128207946},{lat:23.843230086154303,lng:90.39760238979574},	23.855031	90.388506	23.831667	90.407056
VGHS	32	{lat:23.831786180468274,lng:90.4072354386651},{lat:23.831547819324022,lng:90.40687656166463},{lat:23.8432300861543,lng:90.39760238979574},{lat:23.843468468772883,lng:90.39796128207946},	23.831667	90.407056	23.855031	90.388506
VHHH	07L	{lat:22.31015103031654,lng:113.89647402087027},{lat:22.31066096962694,lng:113.89628197877906},{lat:22.316276910917495,lng:113.91370880572588},{lat:22.315766951093913,lng:113.91390079188655},	22.310406	113.896378	22.321636	113.931233
VHHH	07R	{lat:22.295948031295318,lng:113.89807101414334},{lat:22.2964579686482,lng:113.89787898550625},{lat:22.302072908874663,lng:113.9153003132646},{lat:22.30156295102681,lng:113.91549228602904},	22.296203	113.897975	22.307431	113.932819
VHHH	25L	{lat:22.307685989143067,lng:113.93272304139292},{lat:22.30717601080049,lng:113.93291495825663},{lat:22.30156295102681,lng:113.91549228602902},{lat:22.302072908874663,lng:113.9153003132646},	22.307431	113.932819	22.296203	113.897975
VHHH	25R	{lat:22.321890990140027,lng:113.93113703472363},{lat:22.321381009803517,lng:113.93132896492568},{lat:22.315766951093913,lng:113.91390079188652},{lat:22.316276910917495,lng:113.91370880572583},	22.321636	113.931233	22.310406	113.896378
VIDP	09	{lat:28.57034722392858,lng:77.08812703247446},{lat:28.570752776071167,lng:77.08813896754853},{lat:28.57042553371668,lng:77.10252254008833},{lat:28.57001998283541,lng:77.10251054961125},	28.570550	77.088133	28.569894	77.116900
VIDP	10	{lat:28.567034798735186,lng:77.08481337867565},{lat:28.567427201239617,lng:77.08493062154295},{lat:28.563080995458602,lng:77.10378293295459},{lat:28.56268860915917,lng:77.1036656246389},	28.567231	77.084872	28.558536	77.122575
VIDP	11	{lat:28.54690802021558,lng:77.06542753341976},{lat:28.547429979745946,lng:77.06557246693937},{lat:28.5427152400256,lng:77.08756800298067},{lat:28.54219330385858,lng:77.08742296695449},	28.547169	77.065500	28.537736	77.109489
VIDP	27	{lat:28.570096774806924,lng:77.11690602295083},{lat:28.56969122519281,lng:77.11689397707237},{lat:28.570019982835415,lng:77.10251054961125},{lat:28.57042553371668,lng:77.10252254008833},	28.569894	77.116900	28.570550	77.088133
VIDP	28	{lat:28.558732185031534,lng:77.12263368697835},{lat:28.55833981494322,lng:77.12251631324038},{lat:28.56268860915917,lng:77.1036656246389},{lat:28.563080995458602,lng:77.10378293295459},	28.558536	77.122575	28.567231	77.084872
VIDP	29	{lat:28.53799695637658,lng:77.10956156942403},{lat:28.53747504358485,lng:77.10941643093545},{lat:28.54219330385858,lng:77.08742296695449},{lat:28.5427152400256,lng:77.08756800298069},	28.537736	77.109489	28.547169	77.065500
VLLB	05	{lat:19.896396806802617,lng:102.15745239665384},{lat:19.896703193085724,lng:102.15716960307253},{lat:19.905257508393266,lng:102.16765253884701},{lat:19.90495110554997,lng:102.16793532741897},	19.896550	102.157311	19.913658	102.178278
VLLB	23	{lat:19.91381120964959,lng:102.17813660808523},{lat:19.913504790238672,lng:102.17841939164086},{lat:19.90495110554997,lng:102.16793532741899},{lat:19.905257508393266,lng:102.16765253884704},	19.913658	102.178278	19.896550	102.157311
VLVT	13	{lat:17.997799606760008,lng:102.55313410368763},{lat:17.99808439312165,lng:102.55343789655767},{lat:17.988460640271775,lng:102.56341094021168},{lat:17.98817586944571,lng:102.56310714781503},	17.997942	102.553286	17.978694	102.573231
VLVT	31	{lat:17.978836377590582,lng:102.5733828960825},{lat:17.9785516222912,lng:102.57307910416247},{lat:17.98817586944571,lng:102.56310714781499},{lat:17.988460640271775,lng:102.56341094021165},	17.978694	102.573231	17.997942	102.553286
VNKT	02	{lat:27.683800670522714,lng:85.35360578155927},{lat:27.683955329139856,lng:85.35317221813375},{lat:27.696705459045525,lng:85.35897301922903},{lat:27.69655078236576,lng:85.35940662507224},	27.683878	85.353389	27.709378	85.364992
VNKT	20	{lat:27.709455347208067,lng:85.36477517570378},{lat:27.709300652454157,lng:85.36520882398874},{lat:27.69655078236576,lng:85.35940662507224},{lat:27.696705459045525,lng:85.35897301922903},	27.709378	85.364992	27.683878	85.353389
VOBL	09L	{lat:13.206961163980461,lng:77.68607017669189},{lat:13.207366836019526,lng:77.68607382331112},{lat:13.207208996516751,lng:77.70452235061367},{lat:13.206803324739951,lng:77.70451867334283},	13.207164	77.686072	13.206847	77.722969
VOBL	09R	{lat:13.189533164228505,lng:77.6899761479391},{lat:13.18993883577148,lng:77.68997985206396},{lat:13.189778495457459,lng:77.70842837951776},{lat:13.189372824180538,lng:77.70842464478335},	13.189736	77.689978	13.189414	77.726875
VOBL	27L	{lat:13.189616835504333,lng:77.72687688267331},{lat:13.189211164495655,lng:77.72687311732983},{lat:13.189372824180538,lng:77.70842464478335},{lat:13.189778495457459,lng:77.70842837951776},	13.189414	77.726875	13.189736	77.689978
VOBL	27R	{lat:13.207049835756166,lng:77.72297085396254},{lat:13.206644164243825,lng:77.72296714604057},{lat:13.20680332473995,lng:77.70451867334283},{lat:13.207208996516751,lng:77.70452235061367},	13.206847	77.722969	13.207164	77.686072
VOHS	09L	{lat:17.230378176672897,lng:78.41232001629268},{lat:17.23078382332706,lng:78.41231398370068},{lat:17.231060860929052,lng:78.43281097557703},{lat:17.23065521366659,lng:78.43281696317186},	17.230581	78.412317	17.231133	78.453311
VOHS	09R	{lat:17.228318767633585,lng:78.41282905232278},{lat:17.228853232366337,lng:78.4128209476655},{lat:17.229129222443003,lng:78.4328429468175},{lat:17.2285947569119,lng:78.43285099356972},	17.228586	78.412825	17.229136	78.452869
VOHS	27L	{lat:17.229403233161833,lng:78.45286500557137},{lat:17.22886876683809,lng:78.4528729944171},{lat:17.2285947569119,lng:78.43285099356972},{lat:17.229129222443003,lng:78.4328429468175},	17.229136	78.452869	17.228586	78.412825
VOHS	27R	{lat:17.23133582393309,lng:78.45330802869846},{lat:17.230930176066867,lng:78.45331397129503},{lat:17.23065521366659,lng:78.43281696317187},{lat:17.231060860929052,lng:78.43281097557704},	17.231133	78.453311	17.230581	78.412317
VOMM	07	{lat:12.983941725128947,lng:80.15299985649216},{lat:12.984320274849642,lng:80.1528501433938},{lat:12.99023875425663,lng:80.16861227804407},{lat:12.989860195517467,lng:80.1687619706908},	12.984131	80.152925	12.995967	80.184450
VOMM	12	{lat:13.006726502885035,lng:80.15600903257442},{lat:13.007085497078975,lng:80.1562029675659},{lat:13.001032759093345,lng:80.16800426158433},{lat:13.000673773657494,lng:80.16781031424827},	13.006906	80.156106	12.994800	80.179708
VOMM	25	{lat:12.996156283869617,lng:80.1843751638516},{lat:12.995777716108963,lng:80.1845248360343},{lat:12.989860195517466,lng:80.1687619706908},{lat:12.990238754256628,lng:80.16861227804407},	12.995967	80.184450	12.984131	80.152925
VOMM	30	{lat:12.994979488322729,lng:80.17980497990648},{lat:12.994620511641303,lng:80.17961102023376},{lat:13.000673773657494,lng:80.16781031424829},{lat:13.001032759093345,lng:80.16800426158434},	12.994800	80.179708	13.006906	80.156106
VTBD	03L	{lat:13.896881919080515,lng:100.59618329829446},{lat:13.897140080676625,lng:100.59569470143323},{lat:13.911811226718015,lng:100.60392166872117},{lat:13.911553048756787,lng:100.60441028737783},	13.897011	100.595939	13.926353	100.612394
VTBD	03R	{lat:13.899471883081924,lng:100.60171145584958},{lat:13.899666116781098,lng:100.60134454399649},{lat:13.913513745892992,lng:100.60912457045758},{lat:13.913319500570436,lng:100.60949149773693},	13.899569	100.601528	13.927264	100.617089
VTBD	21L	{lat:13.927361128410604,lng:100.61690552856241},{lat:13.927166871452139,lng:100.61727247128336},{lat:13.91331950057044,lng:100.60949149773694},{lat:13.913513745892992,lng:100.60912457045758},	13.927264	100.617089	13.899569	100.601528
VTBD	21R	{lat:13.926482097050837,lng:100.61214967962594},{lat:13.926223902705793,lng:100.61263832010104},{lat:13.911553048756787,lng:100.60441028737783},{lat:13.911811226718015,lng:100.60392166872117},	13.926353	100.612394	13.897011	100.595939
VTBS	01L	{lat:13.671210176816347,lng:100.73493733419413},{lat:13.671345822884192,lng:100.73439066564843},{lat:13.68754136390868,lng:100.73864735501392},{lat:13.687405708508255,lng:100.73919405871797},	13.671278	100.734664	13.703669	100.743178
VTBS	01R	{lat:13.656629189139647,lng:100.75210432052239},{lat:13.656764810561214,lng:100.75155767932043},{lat:13.674273358033286,lng:100.75615831826644},{lat:13.674137726534997,lng:100.75670499743613},	13.656697	100.751831	13.691714	100.761033
VTBS	19L	{lat:13.691781820644598,lng:100.76075964132617},{lat:13.691646179055477,lng:100.76130635851618},{lat:13.674137726535,lng:100.75670499743613},{lat:13.674273358033282,lng:100.75615831826644},	13.691714	100.761033	13.656697	100.751831
VTBS	19R	{lat:13.703736832222452,lng:100.7429046304674},{lat:13.703601167477357,lng:100.74345136937477},{lat:13.687405708508255,lng:100.73919405871797},{lat:13.68754136390868,lng:100.73864735501392},	13.703669	100.743178	13.671278	100.734664
VTBU	18	{lat:12.695649656304449,lng:101.00601812355264},{lat:12.695606343410754,lng:101.0065698764004},{lat:12.679795347934089,lng:101.00526577841146},{lat:12.679838658136974,lng:101.00471405961932},	12.695628	101.006294	12.664006	101.003686
VTBU	36	{lat:12.663984346100117,lng:101.0039618423678},{lat:12.664027653615827,lng:101.00341015758535},{lat:12.679838658136974,lng:101.0047140596193},{lat:12.679795347934089,lng:101.00526577841144},	12.664006	101.003686	12.695628	101.006294
VTCC	18	{lat:18.783758468871866,lng:98.96271074569432},{lat:18.783757530883882,lng:98.9631392543045},{lat:18.768399530930466,lng:98.96310173136563},{lat:18.76840046883298,lng:98.96267326180178},	18.783758	98.962925	18.753042	98.962850
VTCC	36	{lat:18.75304153096953,lng:98.96306421527713},{lat:18.753042468786656,lng:98.96263578472167},{lat:18.768400468832983,lng:98.96267326180174},{lat:18.76839953093047,lng:98.96310173136561},	18.753042	98.962850	18.783758	98.962925
VTSC	02	{lat:6.507416740791157,lng:101.73820149829054},{lat:6.50757725913975,lng:101.73782650164956},{lat:6.517945280692034,lng:101.74232240554275},{lat:6.517784759027433,lng:101.7426974084925},	6.507497	101.738014	6.528233	101.747006
VTSC	20	{lat:6.528313262458338,lng:101.74681849533562},{lat:6.5281527374723485,lng:101.74719350460428},{lat:6.517784759027433,lng:101.7426974084925},{lat:6.517945280692034,lng:101.74232240554275},	6.528233	101.747006	6.507497	101.738014
VTSG	14	{lat:8.106338790814949,lng:98.97996022570545},{lat:8.106595209123626,lng:98.98027777439577},{lat:8.096103296684593,lng:98.98892149816228},{lat:8.09584688505952,lng:98.98860395224274},	8.106467	98.980119	8.085483	98.997406
VTSG	32	{lat:8.085611202444515,lng:98.9975647716264},{lat:8.085354797494217,lng:98.99724722847452},{lat:8.09584688505952,lng:98.98860395224274},{lat:8.096103296684593,lng:98.98892149816228},	8.085483	98.997406	8.106467	98.980119
VTSP	09	{lat:8.111756066935571,lng:98.30332539402738},{lat:8.112159933063513,lng:98.30328660595312},{lat:8.113435157564036,lng:98.31683656971418},{lat:8.113031290154783,lng:98.3168753442968},	8.111958	98.303306	8.114508	98.330406
VTSP	27	{lat:8.114709934344704,lng:98.33038661944593},{lat:8.114306065654382,lng:98.33042538053458},{lat:8.113031290154783,lng:98.31687534429682},{lat:8.113435157564036,lng:98.31683656971418},	8.114508	98.330406	8.111958	98.303306
VTSS	08	{lat:6.930784762106431,lng:100.38053666127124},{lat:6.931187237892192,lng:100.38048533870685},{lat:6.932905434165551,lng:100.39416029459468},{lat:6.932502956912408,lng:100.39421160566744},	6.930986	100.380511	6.934422	100.407861
VTSS	26	{lat:6.934623239359593,lng:100.40783535020005},{lat:6.93422076063903,lng:100.40788664977804},{lat:6.932502956912408,lng:100.39421160566744},{lat:6.932905434165551,lng:100.39416029459468},	6.934422	100.407861	6.930986	100.380511
VVNB	11L	{lat:21.225078249692423,lng:105.79251357633207},{lat:21.22546575028312,lng:105.79264242383714},{lat:21.221208383756093,lng:105.80737486644095},{lat:21.22082089434677,lng:105.80724598396165},	21.225272	105.792578	21.216756	105.822042
VVNB	11R	{lat:21.224500240568,lng:105.7862856081732},{lat:21.224887759407576,lng:105.78641439199592},{lat:21.21983615336558,lng:105.8039040115571},{lat:21.219448647793254,lng:105.80377518621053},	21.224694	105.786350	21.214589	105.821328
VVNB	29L	{lat:21.21478274613991,lng:105.82139243351051},{lat:21.214395253835647,lng:105.82126356665864},{lat:21.219448647793254,lng:105.80377518621057},{lat:21.219836153365584,lng:105.80390401155714},	21.214589	105.821328	21.224694	105.786350
VVNB	29R	{lat:21.216949739101455,lng:105.82210645880477},{lat:21.216562260874074,lng:105.82197754136445},{lat:21.22082089434676,lng:105.80724598396165},{lat:21.22120838375609,lng:105.80737486644095},	21.216756	105.822042	21.225272	105.792578
VVTS	07L	{lat:10.814822104814702,lng:106.63718109971221},{lat:10.815205895167159,lng:106.63703090019166},{lat:10.820131172158757,lng:106.65007619299163},{lat:10.81974737550236,lng:106.65022637828226},	10.815014	106.637106	10.824864	106.663197
VVTS	07R	{lat:10.811177103025878,lng:106.63690309406199},{lat:10.811560896955982,lng:106.6367529058419},{lat:10.817733831034015,lng:106.65310407816428},{lat:10.81735002920524,lng:106.65325424855271},	10.811369	106.636828	10.823714	106.669531
VVTS	25L	{lat:10.823905904856487,lng:106.6694559236798},{lat:10.82352209512537,lng:106.66960607622406},{lat:10.817350029205244,lng:106.65325424855273},{lat:10.817733831034014,lng:106.6531040781643},	10.823714	106.669531	10.811369	106.636828
VVTS	25R	{lat:10.825055901472266,lng:106.66312191442553},{lat:10.82467209850958,lng:106.6632720854783},{lat:10.81974737550236,lng:106.65022637828228},{lat:10.820131172158757,lng:106.65007619299165},	10.824864	106.663197	10.815014	106.637106
VYYY	03	{lat:16.897789375531847,lng:96.12712903875382},{lat:16.89808862418847,lng:96.12664896086535},{lat:16.910987321797062,lng:96.13543185023846},{lat:16.910688052666067,lng:96.13591194703172},	16.897939	96.126889	16.923736	96.144456
VYYY	21	{lat:16.92388564467132,lng:96.14421594195383},{lat:16.92358635504858,lng:96.14469605766466},{lat:16.91068805266606,lng:96.13591194703172},{lat:16.91098732179705,lng:96.13543185023846},	16.923736	96.144456	16.897939	96.126889
WAAA	03	{lat:-5.092388377544462,lng:119.54420998714185},{lat:-5.092183622406101,lng:119.54385201291518},{lat:-5.080056161958788,lng:119.55084364673208},{lat:-5.0802609132397585,lng:119.55120161643868},	-5.092286	119.544031	-5.068031	119.558014
WAAA	13	{lat:-5.054444830606521,lng:119.54534337962663},{lat:-5.0541331693657225,lng:119.54561262030859},{lat:-5.061474723859498,lng:119.55417752256837},{lat:-5.061786388634844,lng:119.55390828295653},	-5.054289	119.545478	-5.068972	119.562608
WAAA	21	{lat:-5.067928626258964,lng:119.55783501742972},{lat:-5.068133373691839,lng:119.558192982627},{lat:-5.08026091323976,lng:119.55120161643868},{lat:-5.080056161958789,lng:119.55084364673208},	-5.068031	119.558014	-5.092286	119.544031
WAAA	31	{lat:-5.068816165828564,lng:119.56274261923753},{lat:-5.069127834143598,lng:119.56247338069751},{lat:-5.061786388634844,lng:119.55390828295653},{lat:-5.061474723859498,lng:119.55417752256837},	-5.068972	119.562608	-5.054289	119.545478
WADD	09	{lat:-8.749146686304613,lng:115.15383008555757},{lat:-8.74874131369521,lng:115.15381391445125},{lat:-8.74821005756996,lng:115.16744042649661},{lat:-8.748615429600935,lng:115.16745661241632},	-8.748944	115.153822	-8.747881	115.181075
WADD	27	{lat:-8.747678314273884,lng:115.1810668996384},{lat:-8.74808368572594,lng:115.18108310037042},{lat:-8.748615429600935,lng:115.16745661241629},{lat:-8.74821005756996,lng:115.1674404264966},	-8.747881	115.181075	-8.748944	115.153822
WARR	10	{lat:-7.377869192046444,lng:112.7734590354029},{lat:-7.377468807951144,lng:112.77352496456732},{lat:-7.379640006810238,lng:112.78693289286069},{lat:-7.380040392870372,lng:112.7868669755063},	-7.377669	112.773492	-7.382011	112.800308
WARR	28	{lat:-7.381810805986191,lng:112.80034095275536},{lat:-7.382211194011392,lng:112.80027504721481},{lat:-7.380040392870372,lng:112.7868669755063},{lat:-7.379640006810238,lng:112.78693289286069},	-7.382011	112.800308	-7.377669	112.773492
WIII	06	{lat:-6.114136584682764,lng:106.6446931143979},{lat:-6.113635415298339,lng:106.64449088569685},{lat:-6.108613563957864,lng:106.6570784988327},{lat:-6.109114728639108,lng:106.65728073742473},	-6.113886	106.644592	-6.103842	106.669767
WIII	07L	{lat:-6.12126761405625,lng:106.6389260420851},{lat:-6.120766385924859,lng:106.63872395800969},{lat:-6.1147401000048704,lng:106.65384212241918},{lat:-6.11524132248556,lng:106.65404421839223},	-6.121017	106.638825	-6.108964	106.669061
WIII	07R	{lat:-6.14280860172605,lng:106.64376207709633},{lat:-6.142307398254979,lng:106.64355992299882},{lat:-6.136180120147902,lng:106.65892659361452},{lat:-6.136681317853521,lng:106.65912875984577},	-6.142558	106.643661	-6.130303	106.674394
WIII	24	{lat:-6.1035914199997,lng:106.66966587581013},{lat:-6.104092579981429,lng:106.66986812428442},{lat:-6.109114728639108,lng:106.65728073742473},{lat:-6.108613563957864,lng:106.6570784988327},	-6.103842	106.669767	-6.113886	106.644592
WIII	25L	{lat:-6.130052404017721,lng:106.6742929108715},{lat:-6.13055359596334,lng:106.67449508922347},{lat:-6.1366813178535216,lng:106.65912875984577},{lat:-6.136180120147903,lng:106.65892659361452},	-6.130303	106.674394	-6.142558	106.643661
WIII	25R	{lat:-6.108713391572939,lng:106.66895994611828},{lat:-6.109214608408203,lng:106.66916205397635},{lat:-6.11524132248556,lng:106.65404421839223},{lat:-6.1147401000048704,lng:106.65384212241918},	-6.108964	106.669061	-6.121017	106.638825
WMKK	14L	{lat:2.778335772641234,lng:101.70162538675763},{lat:2.7786362273161314,lng:101.70207461329953},{lat:2.7635597683310325,lng:101.71218174009029},{lat:2.763259317482596,lng:101.71173251670433},	2.778486	101.701850	2.748333	101.722064
WMKK	14R	{lat:2.7431217543283504,lng:101.69773940569223},{lat:2.7434222456295614,lng:101.69818859436421},{lat:2.728430785670952,lng:101.70824021814352},{lat:2.728130298126718,lng:101.70779103256865},	2.743272	101.697964	2.713289	101.718067
WMKK	15	{lat:2.7380637482050516,lng:101.67726741074712},{lat:2.73836425175294,lng:101.67771658930921},{lat:2.723516790944937,lng:101.6876722104953},{lat:2.723216291111299,lng:101.68722303499457},	2.738214	101.677492	2.708519	101.697403
WMKK	32L	{lat:2.713439241883137,lng:101.71829159127525},{lat:2.713138758075236,lng:101.71784240878057},{lat:2.728130298126718,lng:101.70779103256865},{lat:2.728430785670952,lng:101.70824021814352},	2.713289	101.718067	2.743272	101.697964
WMKK	32R	{lat:2.7484832235003416,lng:101.72228861015185},{lat:2.748182776457488,lng:101.72183938990472},{lat:2.763259317482596,lng:101.71173251670433},{lat:2.7635597683310325,lng:101.71218174009029},	2.748333	101.722064	2.778486	101.701850
WMKK	33	{lat:2.7086692480490426,lng:101.69762758625578},{lat:2.7083687519094033,lng:101.6971784137999},{lat:2.723216291111298,lng:101.68722303499457},{lat:2.723516790944937,lng:101.6876722104953},	2.708519	101.697403	2.738214	101.677492
WMKP	04	{lat:5.285812310312739,lng:100.266859317342},{lat:5.286087689649624,lng:100.26655268258983},{lat:5.297314275104422,lng:100.27672149733044},{lat:5.297038890769967,lng:100.27702813312062},	5.285950	100.266706	5.308403	100.287044
WMKP	22	{lat:5.308540694652456,lng:100.28689068155067},{lat:5.308265305309751,lng:100.28719731838085},{lat:5.297038890769967,lng:100.27702813312062},{lat:5.297314275104422,lng:100.27672149733044},	5.308403	100.287044	5.285950	100.266706
WSSS	02C	{lat:1.3286480115306505,lng:103.98520982028629},{lat:1.3288579884442993,lng:103.98471217969258},{lat:1.3455049992737826,lng:103.99174013034843},{lat:1.3452950209361696,lng:103.99223777371577},	1.328753	103.984961	1.362047	103.999017
WSSS	02L	{lat:1.3488590122850495,lng:103.97769882265607},{lat:1.3490689876895188,lng:103.97720117732246},{lat:1.36571599868164,lng:103.98422912723666},{lat:1.3655060218316846,lng:103.98472677538582},	1.348964	103.977450	1.382258	103.991506
WSSS	02R	{lat:1.3222810139718528,lng:104.00009582067709},{lat:1.3224909860032168,lng:103.99959817930188},{lat:1.3391384967814717,lng:104.0066261301899},{lat:1.3389285233329165,lng:104.00712377432562},	1.322386	103.999847	1.355681	104.013903
WSSS	20C	{lat:1.3621519898768208,lng:103.99876817690144},{lat:1.3619420100975004,lng:103.9992658230769},{lat:1.3452950209361694,lng:103.99223777371577},{lat:1.3455049992737822,lng:103.99174013034843},	1.362047	103.999017	1.328753	103.984961
WSSS	20L	{lat:1.3557859874289655,lng:104.01365417652381},{lat:1.3555760125454757,lng:104.0141518234546},{lat:1.3389285233329165,lng:104.0071237743256},{lat:1.3391384967814717,lng:104.00662613018987},	1.355681	104.013903	1.322386	103.999847
WSSS	20R	{lat:1.382362989143563,lng:103.99125717448936},{lat:1.382153010830378,lng:103.99175482548866},{lat:1.3655060218316846,lng:103.98472677538585},{lat:1.3657159986816394,lng:103.9842291272367},	1.382258	103.991506	1.348964	103.977450
YBBN	01L	{lat:-27.383203268338566,lng:153.10706810818544},{lat:-27.38295873113753,lng:153.10652589241388},{lat:-27.36969745068673,lng:153.11411032518882},{lat:-27.369941958580927,lng:153.11465249273812},	-27.383081	153.106797	-27.356558	153.121964
YBBN	01R	{lat:-27.40337785038944,lng:153.11814571582818},{lat:-27.40319414931459,lng:153.1177382845104},{lat:-27.388887399826213,lng:153.12592136260744},{lat:-27.38907107712969,lng:153.12632875479824},	-27.403286	153.117942	-27.374672	153.134306
YBBN	14	{lat:-27.356106726826688,lng:153.1240110992526},{lat:-27.355955273062186,lng:153.12426090057653},{lat:-27.362505358888004,lng:153.12929560663767},{lat:-27.362656821612045,lng:153.12904579742317},	-27.356031	153.124136	-27.369131	153.134206
YBBN	19L	{lat:-27.374580173077728,lng:153.13410232362617},{lat:-27.374763826626637,lng:153.13450967671193},{lat:-27.38907107712969,lng:153.1263287547983},{lat:-27.388887399826213,lng:153.1259213626075},	-27.374672	153.134306	-27.403286	153.117942
YBBN	19R	{lat:-27.356435760435026,lng:153.12169294062315},{lat:-27.35668023904161,lng:153.12223505997522},{lat:-27.369941958580924,lng:153.11465249273812},{lat:-27.36969745068672,lng:153.11411032518882},	-27.356558	153.121964	-27.383081	153.106797
YBBN	32	{lat:-27.369055264101217,lng:153.1343309084676},{lat:-27.369206735787603,lng:153.13408109136148},{lat:-27.362656821612045,lng:153.12904579742317},{lat:-27.362505358888004,lng:153.12929560663767},	-27.369131	153.134206	-27.356031	153.124136
YMML	09	{lat:-37.66095829503779,lng:144.82222816522824},{lat:-37.66055370495921,lng:144.82226583466914},{lat:-37.66130690760314,lng:144.83518666867377},{lat:-37.66171150178673,lng:144.83514906927073},	-37.660756	144.822247	-37.662261	144.848089
YMML	16	{lat:-37.65323144541835,lng:144.83457362853443},{lat:-37.65315255362085,lng:144.83524837110713},{lat:-37.66945108400886,lng:144.83828927560808},{lat:-37.669529993129096,lng:144.83761438811055},	-37.653192	144.834911	-37.685789	144.840994
YMML	27	{lat:-37.66205870085798,lng:144.84810776462874},{lat:-37.66246329913906,lng:144.848070235269},{lat:-37.66171150178673,lng:144.83514906927076},{lat:-37.66130690760314,lng:144.8351866686738},	-37.662261	144.848089	-37.660756	144.822247
YMML	34	{lat:-37.68574953629061,lng:144.84133151608876},{lat:-37.68582846274748,lng:144.84065648355207},{lat:-37.66952999312908,lng:144.83761438811055},{lat:-37.669451084008855,lng:144.83828927560808},	-37.685789	144.840994	-37.653192	144.834911
YPAD	05	{lat:-34.958688457749446,lng:138.51736998842483},{lat:-34.95837754204337,lng:138.5170520121783},{lat:-34.94943125357497,lng:138.5300729257335},{lat:-34.94974213534779,lng:138.53039091666167},	-34.958533	138.517211	-34.940639	138.543250
YPAD	12	{lat:-34.94135489131827,lng:138.52177095077678},{lat:-34.941017108527824,lng:138.5220450486587},{lat:-34.945127332939656,lng:138.52958366210063},{lat:-34.9454651326619,lng:138.52930958153482},	-34.941186	138.521908	-34.949406	138.536986
YPAD	23	{lat:-34.94048357597176,lng:138.5430909975104},{lat:-34.94079442382105,lng:138.54340900309228},{lat:-34.94974213534779,lng:138.53039091666167},{lat:-34.94943125357497,lng:138.5300729257335},	-34.940639	138.543250	-34.958533	138.517211
YPAD	30	{lat:-34.94923709159529,lng:138.5371230313377},{lat:-34.94957490825084,lng:138.53684896809764},{lat:-34.94546513266189,lng:138.52930958153476},{lat:-34.94512733293965,lng:138.5295836621006},	-34.949406	138.536986	-34.941186	138.521908
YPPH	03	{lat:-31.95878768205294,lng:115.9599150940221},{lat:-31.95869031752486,lng:115.95945090622398},{lat:-31.943617901036088,lng:115.96384216211072},{lat:-31.94371524959098,lng:115.96430627840958},	-31.958739	115.959683	-31.928594	115.968464
YPPH	06	{lat:-31.941162453987623,lng:115.95932692669773},{lat:-31.940815545892036,lng:115.95907907377001},{lat:-31.935775431212363,lng:115.96887409916472},{lat:-31.93612232028526,lng:115.96912197546932},	-31.940989	115.959203	-31.930908	115.978792
YPPH	21	{lat:-31.928545333492362,lng:115.96823197769773},{lat:-31.928642666085896,lng:115.96869602254786},{lat:-31.94371524959098,lng:115.96430627840958},{lat:-31.943617901036088,lng:115.96384216211072},	-31.928594	115.968464	-31.958739	115.959683
YPPH	24	{lat:-31.930734564913738,lng:115.97866805040005},{lat:-31.931081434965876,lng:115.97891595006759},{lat:-31.93612232028526,lng:115.96912197546932},{lat:-31.935775431212363,lng:115.96887409916472},	-31.930908	115.978792	-31.940989	115.959203
YSSY	07	{lat:-33.943934117084595,lng:151.16369484304263},{lat:-33.94354388287928,lng:151.16356115726376},{lat:-33.94043909057943,lng:151.17672660975396},{lat:-33.940829310552594,lng:151.1768603510056},	-33.943739	151.163628	-33.937528	151.189958
YSSY	16L	{lat:-33.94964261255931,lng:151.18808892774828},{lat:-33.949557386978555,lng:151.18856707201235},{lat:-33.96030441294573,lng:151.1913512490519},{lat:-33.960389649291486,lng:151.19087304718155},	-33.949600	151.188328	-33.971094	151.193897
YSSY	16R	{lat:-33.929392638916255,lng:151.17135299143217},{lat:-33.929307360622,lng:151.1718310083285},{lat:-33.94676593468833,lng:151.17635612671597},{lat:-33.946851230470735,lng:151.17587801632516},	-33.929350	151.171592	-33.964267	151.180644
YSSY	25	{lat:-33.93733289711351,lng:151.1898911017998},{lat:-33.9377231028503,lng:151.1900248985068},{lat:-33.94082931055259,lng:151.1768603510056},{lat:-33.94043909057942,lng:151.17672660975396},	-33.937528	151.189958	-33.943739	151.163628
YSSY	34L	{lat:-33.964224343126084,lng:151.1808831018612},{lat:-33.96430965641157,lng:151.18040489789894},{lat:-33.946851230470735,lng:151.17587801632516},{lat:-33.94676593468833,lng:151.17635612671597},	-33.964267	151.180644	-33.929350	151.171592
YSSY	34R	{lat:-33.971051376210546,lng:151.19413612963308},{lat:-33.97113662332696,lng:151.19365787012717},{lat:-33.960389649291486,lng:151.19087304718155},{lat:-33.96030441294573,lng:151.1913512490519},	-33.971094	151.193897	-33.949600	151.188328
ZBAA	01	{lat:40.05891511281544,lng:116.6179812624866},{lat:40.05885088612982,lng:116.61728073784359},{lat:40.07583840853834,lng:116.61462131528305},{lat:40.07590265124268,lng:116.6153220121353},	40.058883	116.617631	40.092858	116.612311
ZBAA	18L	{lat:40.0894037807273,lng:116.59447759720275},{lat:40.089468218216915,lng:116.595178403129},{lat:40.07247674077866,lng:116.59784698257259},{lat:40.072412319367785,lng:116.59714634898967},	40.089436	116.594828	40.055453	116.600164
ZBAA	18R	{lat:40.10204199554623,lng:116.56939726869611},{lat:40.10209600372191,lng:116.56998073153545},{lat:40.08778952005364,lng:116.57224364662457},{lat:40.087735523230634,lng:116.57166030463526},	40.102069	116.569689	40.073456	116.574214
ZBAA	19	{lat:40.092825870103674,lng:116.61196056556261},{lat:40.092890128840324,lng:116.61266143476826},{lat:40.07590265124268,lng:116.6153220121353},{lat:40.07583840853834,lng:116.61462131528305},	40.092858	116.612311	40.058883	116.617631
ZBAA	36L	{lat:40.07348299237365,lng:116.57450561072778},{lat:40.07342900689521,lng:116.57392238950335},{lat:40.087735523230634,lng:116.57166030463526},{lat:40.08778952005364,lng:116.57224364662457},	40.073456	116.574214	40.102069	116.569689
ZBAA	36R	{lat:40.055485202145626,lng:116.60051423085743},{lat:40.05542079679986,lng:116.5998137694736},{lat:40.072412319367785,lng:116.59714634898967},{lat:40.07247674077866,lng:116.59784698257259},	40.055453	116.600164	40.089436	116.594828
ZGGG	01	{lat:23.376862214729826,lng:113.28371449683875},{lat:23.376959784977707,lng:113.28328550300338},{lat:23.39272634841049,lng:113.28754197230013},{lat:23.392628766551685,lng:113.2879710140513},	23.376911	113.283500	23.408444	113.292014
ZGGG	02L	{lat:23.375554021749394,lng:113.3056184987855},{lat:23.37568397773249,lng:113.30504750093458},{lat:23.392330050217577,lng:113.30954440204407},{lat:23.39220007790757,lng:113.31011546722084},	23.375619	113.305333	23.408911	113.314328
ZGGG	02R	{lat:23.369438033821528,lng:113.30799348887571},{lat:23.369567965660508,lng:113.30742251084456},{lat:23.38621253808516,lng:113.31191791237221},{lat:23.386082589928556,lng:113.31248895770283},	23.369503	113.307708	23.402792	113.316700
ZGGG	19	{lat:23.408492796593453,lng:113.29179945506722},{lat:23.408395203113646,lng:113.29222854477456},{lat:23.392628766551685,lng:113.28797101405128},{lat:23.39272634841049,lng:113.28754197230012},	23.408444	113.292014	23.376911	113.283500
ZGGG	20L	{lat:23.402856981985206,lng:113.31641444351482},{lat:23.402727017496026,lng:113.31698555620486},{lat:23.386082589928556,lng:113.31248895770283},{lat:23.38621253808516,lng:113.31191791237221},	23.402792	113.316700	23.369503	113.307708
ZGGG	20R	{lat:23.40897599406648,lng:113.31404243357848},{lat:23.408846005414606,lng:113.31461356614108},{lat:23.39220007790757,lng:113.31011546722084},{lat:23.392330050217577,lng:113.30954440204407},	23.408911	113.314328	23.375619	113.305333
ZGHA	18L	{lat:28.209093363785055,lng:113.22211105827027},{lat:28.209122635534452,lng:113.22272294181356},{lat:28.19200763722728,lng:113.22377706171947},{lat:28.19197837016603,lng:113.22316527588633},	28.209108	113.222417	28.174878	113.224525
ZGHA	18R	{lat:28.206194920152214,lng:113.21848116689345},{lat:28.20621707946378,lng:113.21894083315424},{lat:28.191803080876863,lng:113.21983542286681},{lat:28.191780924554077,lng:113.21937581841888},	28.206206	113.218711	28.177378	113.220500
ZGHA	36L	{lat:28.177389076476334,lng:113.22072977136413},{lat:28.177366923140113,lng:113.22027022868345},{lat:28.191780924554088,lng:113.21937581841887},{lat:28.191803080876877,lng:113.21983542286681},	28.177378	113.220500	28.206206	113.218711
ZGHA	36R	{lat:28.174892630848852,lng:113.2248308441461},{lat:28.174863368471637,lng:113.22421915593759},{lat:28.19197837016603,lng:113.22316527588633},{lat:28.19200763722728,lng:113.22377706171947},	28.174878	113.224525	28.209108	113.222417
ZPPP	03	{lat:25.102088487569652,lng:102.91716796918521},{lat:25.10233951222272,lng:102.91681603045363},{lat:25.11648603481243,lng:102.92912259820233},{lat:25.11623498111245,lng:102.92947455238746},	25.102214	102.916992	25.130506	102.941608
ZPPP	04	{lat:25.08949680597582,lng:102.93094809483566},{lat:25.089831193656877,lng:102.93047990452465},{lat:25.105741359338445,lng:102.94433658996284},{lat:25.10540692816316,lng:102.94480480328889},	25.089664	102.930714	25.121483	102.958431
ZPPP	21	{lat:25.130631541279502,lng:102.94143201499976},{lat:25.130380458512665,lng:102.94178398463849},{lat:25.116234981112445,lng:102.92947455238746},{lat:25.116486034812425,lng:102.92912259820233},	25.130506	102.941608	25.102214	102.916992
ZPPP	22	{lat:25.121650237167696,lng:102.95819688150912},{lat:25.121315762464594,lng:102.95866511785007},{lat:25.10540692816316,lng:102.94480480328889},{lat:25.105741359338445,lng:102.94433658996284},	25.121483	102.958431	25.089664	102.930714
ZSAM	05	{lat:24.534573020568438,lng:118.1145480858322},{lat:24.53489297930766,lng:118.11427391381838},{lat:24.544291070677478,lng:118.12752842761782},{lat:24.543971087976296,lng:118.12780258636877},	24.534733	118.114411	24.553528	118.140922
ZSAM	23	{lat:24.55368800327422,lng:118.14078492708954},{lat:24.553367996601835,lng:118.14105907256074},{lat:24.543971087976296,lng:118.12780258636877},{lat:24.544291070677478,lng:118.12752842761782},	24.553528	118.140922	24.534733	118.114411
ZSPD	15	{lat:31.15123006900366,lng:121.83848997857326},{lat:31.151353930608593,lng:121.83893802171941},{lat:31.136767538087106,lng:121.84444283734948},{lat:31.136643695535508,lng:121.84399485593467},	31.151292	121.838714	31.122119	121.849722
ZSPD	16L	{lat:31.1601198254064,lng:121.81584982012592},{lat:31.16028617389725,lng:121.81645018040105},{lat:31.143994306298886,lng:121.82261369310552},{lat:31.143827986397778,lng:121.82201342519706},	31.160203	121.816150	31.127619	121.828475
ZSPD	16R	{lat:31.158877970486053,lng:121.81141876921689},{lat:31.159044028817373,lng:121.81201923130928},{lat:31.142745660783667,lng:121.81817324270628},{lat:31.142579631002206,lng:121.8175728730702},	31.158961	121.811719	31.126364	121.824025
ZSPD	17L	{lat:31.161158924831724,lng:121.78563277923692},{lat:31.161325074471716,lng:121.78623322128954},{lat:31.14416972166434,lng:121.79271484519154},{lat:31.144003602093974,lng:121.79211450044649},	31.161242	121.785933	31.126931	121.798894
ZSPD	17R	{lat:31.154722880983165,lng:121.78299381620016},{lat:31.15488911832052,lng:121.78359418432638},{lat:31.14031122280834,lng:121.78910499004347},{lat:31.140145011031535,lng:121.78850470456759},	31.154806	121.783294	31.125650	121.794314
ZSPD	33	{lat:31.122180911562243,lng:121.84994596000813},{lat:31.12205708805041,lng:121.84949804028408},{lat:31.136643695535522,lng:121.8439948559347},{lat:31.136767538087117,lng:121.8444428373495},	31.122119	121.849722	31.151292	121.838714
ZSPD	34L	{lat:31.12644700027931,lng:121.82432513888641},{lat:31.126280999024967,lng:121.82372486163874},{lat:31.142579631002206,lng:121.8175728730702},{lat:31.142745660783667,lng:121.81817324270628},	31.126364	121.824025	31.158961	121.811719
ZSPD	34R	{lat:31.1277021453193,lng:121.82877508806772},{lat:31.127535853985187,lng:121.8281749124582},{lat:31.143827986397778,lng:121.82201342519704},{lat:31.143994306298886,lng:121.82261369310548},	31.127619	121.828475	31.160203	121.816150
ZSPD	35L	{lat:31.12573309276946,lng:121.79461410170272},{lat:31.125566906535,lng:121.79401389882294},{lat:31.140145011031535,lng:121.78850470456759},{lat:31.14031122280834,lng:121.78910499004347},	31.125650	121.794314	31.154806	121.783294
ZSPD	35R	{lat:31.127014044415148,lng:121.79919412401907},{lat:31.126847954889197,lng:121.79859387650633},{lat:31.14400360209397,lng:121.79211450044649},{lat:31.14416972166433,lng:121.79271484519154},	31.126931	121.798894	31.161242	121.785933
ZUCK	02L	{lat:29.705116718157797,lng:106.6369516857965},{lat:29.705233281466338,lng:106.63650431394389},{lat:29.719051375099973,lng:106.64127712877503},{lat:29.71893479574784,lng:106.64172455666129},	29.705175	106.636728	29.732811	106.646275
ZUCK	02R	{lat:29.70463570890426,lng:106.64089068152916},{lat:29.704752290719888,lng:106.6404433182112},{lat:29.720308408301925,lng:106.64581745359996},{lat:29.720191808421443,lng:106.64626487999739},	29.704694	106.640667	29.735806	106.651417
ZUCK	03	{lat:29.714244706875927,lng:106.6616657022349},{lat:29.714361292748073,lng:106.66121829750529},{lat:29.73076292300828,lng:106.66688533761132},{lat:29.730646318080936,lng:106.66733280888188},	29.714303	106.661442	29.747106	106.672778
ZUCK	20L	{lat:29.73586430879148,lng:106.65119325510861},{lat:29.73574769083221,lng:106.65164074463124},{lat:29.720191808421443,lng:106.64626487999739},{lat:29.720308408301925,lng:106.64581745359996},	29.735806	106.651417	29.704694	106.640667
ZUCK	20R	{lat:29.732869297515236,lng:106.64605125789198},{lat:29.732752702108503,lng:106.64649874184795},{lat:29.71893479574785,lng:106.64172455666129},{lat:29.719051375099987,lng:106.64127712877503},	29.732811	106.646275	29.705175	106.636728
ZUCK	21	{lat:29.747164311810792,lng:106.6725542309387},{lat:29.747047687812728,lng:106.673001768801},{lat:29.730646318080936,lng:106.66733280888188},{lat:29.73076292300828,lng:106.66688533761132},	29.747106	106.672778	29.714303	106.661442
ZUUU	02L	{lat:30.56338553834218,lng:103.9402126644841},{lat:30.56353646129241,lng:103.93977533517574},{lat:30.57859766095989,lng:103.94678671746222},{lat:30.578446714572564,lng:103.94722410377275},	30.563461	103.939994	30.593583	103.954019
ZUUU	02R	{lat:30.51939959290875,lng:103.93699094629207},{lat:30.519600406444916,lng:103.93640905310679},{lat:30.534660109423466,lng:103.94341342913644},{lat:30.534459264760333,lng:103.94399539803908},	30.519500	103.936700	30.549619	103.950711
ZUUU	20L	{lat:30.549719437582905,lng:103.95041997736477},{lat:30.549518561770036,lng:103.95100202203305},{lat:30.534459264760333,lng:103.9439953980391},{lat:30.534660109423466,lng:103.94341342913646},	30.549619	103.950711	30.519500	103.936700
ZUUU	20R	{lat:30.593658484737873,lng:103.95380027815514},{lat:30.59350751489634,lng:103.95423772150416},{lat:30.578446714572564,lng:103.94722410377278},{lat:30.57859766095989,lng:103.94678671746226},	30.593583	103.954019	30.563461	103.939994
